time,west_sst,east_sst,raw_contrast,zsci,zsci_smoothed
1950-01-01,28.174196,24.384356,-3.7898407,-0.7558446,
1950-02-01,27.886326,24.906225,-2.9801006,-0.87825227,
1950-03-01,28.118965,26.196356,-1.9226093,-0.30133736,-0.5551983118057251
1950-04-01,28.436258,26.378126,-2.0581322,-0.45744276,-0.5267235934734344
1950-05-01,28.632812,25.70509,-2.927723,-0.6941006,-0.5666567981243134
1950-06-01,28.70799,25.319344,-3.388647,-0.6263459,-0.5199199517567952
1950-07-01,28.368773,24.519566,-3.849207,-0.47077584,-0.3466236193974812
1950-08-01,28.111612,24.532917,-3.5786953,0.21841621,-0.19107778867085773
1950-09-01,28.211395,23.822044,-4.389351,-0.35849047,-0.16181200742721558
1950-10-01,28.237333,24.074945,-4.162388,-0.052453518,-0.2519981265068054
1950-11-01,28.22835,23.605444,-4.6229057,-0.53489447,-0.2922802170117696
1950-12-01,28.356735,24.285076,-4.071659,-0.35242486,-0.18595955769220984
1951-01-01,27.868004,25.039349,-2.8286552,0.20534086,-0.0036365290482838625
1951-02-01,27.865072,25.982523,-1.8825493,0.21929908,0.16580234964688617
1951-03-01,28.034954,26.482952,-1.552002,0.069270015,0.2838189204533895
1951-04-01,28.33773,27.378065,-0.9596653,0.6410241,0.3971882959206899
1951-05-01,28.786476,26.89529,-1.8911858,0.34243655,0.5909340679645538
1951-06-01,28.6717,26.657143,-2.014557,0.7477443,0.8764722347259521
1951-07-01,28.593342,26.700798,-1.8925438,1.4858873,1.1506606340408325
1951-08-01,28.58735,26.190933,-2.3964176,1.4006939,1.2678368091583252
1951-09-01,28.669043,25.71481,-2.9542332,1.0766273,1.2228620648384094
1951-10-01,28.877264,25.943308,-2.9339561,1.1759782,1.1263909141222634
1951-11-01,28.946987,26.010908,-2.936079,1.1519322,0.9770488540331522
1951-12-01,28.970066,25.977238,-2.9928284,0.72640586,0.7214064002037047
1952-01-01,28.767904,26.066986,-2.7009182,0.3330779,0.4479042589664458
1952-02-01,28.55294,26.571337,-1.9816036,0.12024474,0.28504930933316547
1952-03-01,28.482866,27.21225,-1.2706165,0.35065544,0.1846952835718791
1952-04-01,28.861712,27.423029,-1.4386826,0.16200686,0.02671427528063454
1952-05-01,29.058474,26.45874,-2.5997334,-0.36611104,-0.18440378705660504
1952-06-01,28.796446,25.63281,-3.1636353,-0.40133405,-0.32143791516621906
1952-07-01,28.553188,24.793682,-3.7595062,-0.38107514,-0.33737440903981525
1952-08-01,28.419916,24.450438,-3.9694786,-0.1723671,-0.2999290625254313
1952-09-01,28.776997,24.309158,-4.4678383,-0.43697786,-0.2477580904960632
1952-10-01,28.855888,24.691767,-4.1641216,-0.054187298,-0.20535439252853394
1952-11-01,28.746523,24.494064,-4.2524586,-0.16444731,-0.15361295143763226
1952-12-01,28.58497,24.594875,-3.9900951,-0.2708609,-0.042680799961090074
1953-01-01,28.553009,25.74557,-2.8074398,0.2265563,0.13076145450274151
1953-02-01,28.36844,26.705727,-1.662714,0.43913436,0.33506730198860163
1953-03-01,28.641447,27.342714,-1.2987328,0.3225392,0.5055664777755737
1953-04-01,28.886301,28.173456,-0.71284485,0.88784456,0.6165025532245636
1953-05-01,29.034014,27.36954,-1.6644745,0.5691478,0.6576577325661976
1953-06-01,28.83573,26.805885,-2.0298443,0.7324569,0.6003936926523844
1953-07-01,28.729486,25.782913,-2.9465733,0.43185782,0.5388720432917277
1953-08-01,28.522207,25.10913,-3.4130764,0.3840351,0.5279157161712646
1953-09-01,28.762993,25.552542,-3.2104511,0.8204093,0.5147097706794739
1953-10-01,28.782543,24.982199,-3.8003445,0.30958986,0.46774242321650183
1953-11-01,28.88353,25.177666,-3.705864,0.3821473,0.3658634622891744
1953-12-01,28.632607,25.296217,-3.3363895,0.3828447,0.24732345342636108
1954-01-01,28.557737,25.4878,-3.0699368,-0.035940647,0.13339804609616596
1954-02-01,28.334272,26.320717,-2.0135555,0.08829284,-0.04747832814852396
1954-03-01,28.467642,26.79535,-1.6722927,-0.05102074,-0.33876971403757733
1954-04-01,28.784548,26.138987,-2.6455612,-1.0448718,-0.6599580943584442
1954-05-01,28.851343,25.662245,-3.1890984,-0.95547605,-0.8491201897462208
1954-06-01,28.615189,25.044075,-3.5711136,-0.8088124,-0.8440539836883544
1954-07-01,28.346449,24.212553,-4.133896,-0.7554648,-0.7647276322046915
1954-08-01,28.25842,23.745605,-4.5128155,-0.71570396,-0.7019862333933512
1954-09-01,28.230124,23.573416,-4.656708,-0.62584734,-0.6448416908582051
1954-10-01,28.422125,23.70392,-4.7182045,-0.60827017,-0.5914432406425476
1954-11-01,28.341108,23.745773,-4.595335,-0.50732374,-0.5197378993034363
1954-12-01,28.349867,24.081612,-4.268255,-0.549021,-0.38908773660659784
1955-01-01,28.164555,25.02072,-3.143835,-0.10983896,-0.2415873308976491
1955-02-01,27.859556,25.744497,-2.115059,-0.013210535,-0.15088014801343283
1955-03-01,28.139437,26.252491,-1.8869457,-0.26567376,-0.17814886569976807
1955-04-01,28.132023,26.449173,-1.6828499,-0.08216047,-0.3205465177694956
1955-05-01,28.41856,25.505798,-2.9127617,-0.6791394,-0.4779464900493622
1955-06-01,28.439547,25.006979,-3.4325676,-0.6702664,-0.5486907164255778
1955-07-01,28.236856,24.36258,-3.874277,-0.49584603,-0.5278498729070027
1955-08-01,28.306917,24.2137,-4.093218,-0.29610634,-0.5356678167978923
1955-09-01,28.347597,23.54418,-4.803417,-0.7725568,-0.6556935509045918
1955-10-01,28.180891,23.302843,-4.878048,-0.7681136,-0.8051427404085795
1955-11-01,28.252192,23.07459,-5.177601,-1.0895896,-0.8382765650749205
1955-12-01,28.09517,23.669222,-4.425947,-0.70671296,-0.7109086314837139
1956-01-01,28.016771,24.478851,-3.53792,-0.5039239,-0.46169679363568616
1956-02-01,27.858446,25.6012,-2.257246,-0.15539765,-0.2073586483796437
1956-03-01,28.031597,26.56158,-1.4700165,0.15125549,-0.05603341261545816
1956-04-01,28.401224,26.69854,-1.7026844,-0.10199499,0.005579580863316849
1956-05-01,28.524601,26.289658,-2.2349434,-0.0013210773,0.029746800661087043
1956-06-01,28.294533,25.71276,-2.5817719,0.18052936,0.03307906786600749
1956-07-01,28.283651,24.880608,-3.4030437,-0.024612665,0.004567424456278469
1956-08-01,28.318089,24.375605,-3.942484,-0.14537239,-0.02772752443949381
1956-09-01,28.160192,24.178442,-3.9817505,0.049109936,-0.06615434090296426
1956-10-01,28.463402,24.348206,-4.115196,-0.005261898,-0.17671650648117065
1956-11-01,28.62721,24.025423,-4.6017876,-0.5137763,-0.37020732959111535
1956-12-01,28.68278,24.403366,-4.279413,-0.560179,-0.5185015002886454
1957-01-01,28.568811,24.794645,-3.774166,-0.74017,-0.43953435619672143
1957-02-01,28.496916,26.180866,-2.3160496,-0.21420121,-0.13265193502108252
1957-03-01,28.553085,27.454998,-1.0980873,0.52318466,0.2273288170496623
1957-04-01,28.94645,27.821877,-1.1245728,0.47611666,0.52471457918485
1957-05-01,29.305456,27.661465,-1.6439915,0.58963084,0.7916562855243683
1957-06-01,28.793959,27.29952,-1.4944382,1.267863,1.0601373513539631
1957-07-01,28.729586,26.737383,-1.9922028,1.3862283,1.2214833498001099
1957-08-01,28.624336,26.073727,-2.5506096,1.2465019,1.1923135916392007
1957-09-01,28.679792,25.629093,-3.0506992,0.9801612,1.0807734926541646
1957-10-01,28.947353,25.792143,-3.1552105,0.95472383,1.0181178847948709
1957-11-01,29.066996,26.037716,-3.0292797,1.0587316,0.9993964632352192
1957-12-01,29.024086,26.34019,-2.683895,1.0353391,0.9394061764081318
1958-01-01,29.056917,26.830402,-2.2265148,0.8074813,0.7886347671349843
1958-02-01,28.917713,27.39402,-1.5236931,0.5781553,0.5867576897144318
1958-03-01,29.03376,27.746965,-1.2867947,0.3344773,0.38506877422332764
1958-04-01,28.906818,27.573385,-1.3334332,0.26725626,0.23005512356758118
1958-05-01,29.199371,26.90495,-2.2944221,-0.060799837,0.16720512509346008
1958-06-01,28.907316,26.437464,-2.4698524,0.29244876,0.16615525881449383
1958-07-01,28.756138,25.613775,-3.1423626,0.23606849,0.16365985075632727
1958-08-01,28.794477,25.028372,-3.7661057,0.03100586,0.1222549279530843
1958-09-01,28.61439,24.69361,-3.9207802,0.11008024,0.07758472363154092
1958-10-01,28.858494,24.7607,-4.0977936,0.012140751,0.06220243374506632
1958-11-01,28.886265,24.92344,-3.9628239,0.1251874,0.05673533678054808
1958-12-01,28.902138,25.14396,-3.7581768,-0.038942575,0.06619320313135782
1959-01-01,28.574966,25.69137,-2.8835964,0.15039968,0.10456831256548563
1959-02-01,28.438578,26.447916,-1.9906616,0.11118674,0.1818110446135203
1959-03-01,28.488302,27.178331,-1.3099709,0.3113011,0.2433640559514364
1959-04-01,28.75988,27.550016,-1.2098637,0.39082575,0.22606304287910461
1959-05-01,29.049109,26.834213,-2.2148952,0.018727064,0.13968955477078754
1959-06-01,28.650913,25.936794,-2.714119,0.04818225,0.0244154135386149
1959-07-01,28.608065,25.202675,-3.4053898,-0.026958704,-0.06911838054656984
1959-08-01,28.587465,24.524479,-4.0629864,-0.26587486,-0.07650033632914226
1959-09-01,28.644642,24.526546,-4.1180954,-0.087234974,0.03452585140864059
1959-10-01,28.713705,25.043665,-3.6700401,0.4398942,0.19343533118565875
1959-11-01,28.670624,24.850763,-3.8198605,0.2681508,0.28955966234207153
1959-12-01,28.528685,25.094225,-3.4344597,0.28477454,0.28523852427800495
1960-01-01,28.318577,25.599922,-2.7186546,0.31534147,0.24168315529823298
1960-02-01,28.115427,26.106972,-2.0084553,0.09339309,0.18137346704800922
1960-03-01,28.336369,26.951275,-1.3850937,0.23617828,0.09813392162322995
1960-04-01,28.738234,27.00112,-1.737114,-0.13642454,0.039685835440953575
1960-05-01,28.925995,26.73902,-2.1869755,0.046646833,0.02046119173367818
1960-06-01,28.613583,25.931341,-2.6822414,0.08005977,0.05776556332906087
1960-07-01,28.565596,25.179028,-3.386568,-0.008136988,0.1569753885269165
1960-08-01,28.363602,24.960333,-3.4032688,0.3938427,0.24871706962585452
1960-09-01,28.565895,24.982933,-3.582962,0.4478984,0.21632717053095496
1960-10-01,28.690304,24.59026,-4.1000443,0.0098900795,0.032339870929717976
1960-11-01,28.797972,24.311232,-4.48674,-0.39872885,-0.13219326734542847
1960-12-01,28.818308,24.90624,-3.9120674,-0.19283319,-0.11050866047541298
1961-01-01,28.335339,25.41087,-2.924469,0.10952711,0.05105812350908917
1961-02-01,28.393501,26.594597,-1.7989044,0.30294394,0.2216053307056427
1961-03-01,28.339062,26.960775,-1.3782864,0.2429856,0.34056572119394934
1961-04-01,28.596548,27.578642,-1.0179062,0.5827832,0.4042753676573435
1961-05-01,28.818829,26.933344,-1.8854847,0.34813762,0.3835947811603546
1961-06-01,28.684679,26.366236,-2.3184433,0.4438579,0.24889063835144037
1961-07-01,28.401518,24.910765,-3.4907532,-0.11232209,0.05932756265004475
1961-08-01,28.309612,24.433527,-3.8760853,-0.07897377,-0.10735344886779788
1961-09-01,28.336617,24.024185,-4.3124313,-0.2815709,-0.1681642731030782
1961-10-01,28.454134,24.109674,-4.3444595,-0.2345252,-0.10287986199061072
1961-11-01,28.628906,24.702026,-3.92688,0.16113138,0.03158154090245566
1961-12-01,28.463306,24.887907,-3.5753994,0.14383483,0.1555575728416443
1962-01-01,28.247847,25.501945,-2.745901,0.288095,0.16364732384681702
1962-02-01,28.191713,26.268063,-1.9236507,0.17819762,0.01530697941780089
1962-03-01,28.359926,26.422813,-1.9371128,-0.31584084,-0.21087086200714114
1962-04-01,28.701607,26.511213,-2.1903934,-0.58970404,-0.36241552233695984
1962-05-01,28.773561,26.219276,-2.554285,-0.32066274,-0.35567256808280945
1962-06-01,28.768642,25.747484,-3.0211582,-0.258857,-0.2308061122894287
1962-07-01,28.613304,25.110977,-3.502327,-0.12389588,-0.09341752529144284
1962-08-01,28.450962,24.842985,-3.607977,0.1891346,-0.03186599413553873
1962-09-01,28.512215,24.385757,-4.126457,-0.09559679,-0.0779797434806824
1962-10-01,28.788885,24.457355,-4.3315296,-0.22159529,-0.19794132312138873
1962-11-01,28.813736,24.393633,-4.420103,-0.3320918,-0.2767987449963888
1962-12-01,28.564976,24.450758,-4.1142178,-0.39498353,-0.26289246479670203
1963-01-01,28.431974,25.350094,-3.0818806,-0.047884464,-0.187064657608668
1963-02-01,28.393019,26.077919,-2.3150997,-0.21325135,-0.0903769830862681
1963-03-01,28.601997,27.084284,-1.5177135,0.10355842,-0.016173005104064934
1963-04-01,28.874651,27.270405,-1.6042461,-0.0035567284,0.07954258720080057
1963-05-01,29.083218,26.939594,-2.1436234,0.08999896,0.2602098286151886
1963-06-01,28.766335,26.60535,-2.160984,0.60131717,0.5068574746449789
1963-07-01,28.757177,26.244429,-2.5127487,0.86568236,0.7122764190038045
1963-08-01,28.786627,25.80305,-2.9835777,0.8135338,0.790517250696818
1963-09-01,28.744802,25.463978,-3.2808247,0.75003576,0.7683335741360982
1963-10-01,29.001217,25.674883,-3.326334,0.78360033,0.7239304979642232
1963-11-01,29.15989,25.634653,-3.5252361,0.56277514,0.6778096954027811
1963-12-01,28.99343,26.074993,-2.918436,0.8007982,0.5665796001752217
1964-01-01,28.72316,26.068548,-2.6546116,0.37938452,0.3653438786665598
1964-02-01,28.547583,26.431417,-2.1161652,-0.014316797,0.08418928583463031
1964-03-01,28.443405,26.766502,-1.6769028,-0.055630803,-0.2620461384455363
1964-04-01,28.73617,26.43096,-2.30521,-0.7045207,-0.6026465594768524
1964-05-01,28.93097,25.552444,-3.3785248,-1.1449025,-0.7865764796733856
1964-06-01,28.706264,25.146204,-3.5600605,-0.7977593,-0.7180058956146239
1964-07-01,28.52505,24.849781,-3.6752682,-0.2968371,-0.48439188798268634
1964-08-01,28.187721,23.995316,-4.1924057,-0.3952942,-0.2606635888417561
1964-09-01,28.09366,24.161509,-3.9321518,0.09870863,-0.137677530447642
1964-10-01,28.301003,24.036427,-4.264576,-0.15464163,-0.1084852417310079
1964-11-01,28.333652,24.14532,-4.1883316,-0.10032034,-0.14302080869674683
1964-12-01,28.16573,24.163368,-4.0023613,-0.28312707,-0.13677936792373657
1965-01-01,28.167986,25.033619,-3.134367,-0.100370884,-0.010213226079940775
1965-02-01,28.016413,26.162436,-1.8539772,0.24787116,0.2075785299142202
1965-03-01,28.141527,27.005268,-1.1362591,0.4850129,0.4586331446965536
1965-04-01,28.576427,27.604397,-0.97203064,0.6286588,0.7122225264708202
1965-05-01,28.797962,27.598667,-1.199295,1.0343273,0.9754485587279002
1965-06-01,28.654898,27.11874,-1.5361576,1.2261436,1.2381479740142822
1965-07-01,28.378881,26.519104,-1.8597775,1.5186536,1.4398618936538696
1965-08-01,28.38866,26.257149,-2.1315117,1.6655998,1.5276434421539307
1965-09-01,28.564919,26.028229,-2.5366898,1.4941707,1.5082986950874329
1965-10-01,28.93951,26.234282,-2.7052288,1.4047055,1.4348439971605935
1965-11-01,29.07755,26.382872,-2.6946793,1.393332,1.348963717619578
1965-12-01,28.889435,26.441399,-2.4480362,1.271198,1.208011249701182
1966-01-01,28.709549,26.767908,-1.9416409,1.0923553,0.9291346768538157
1966-02-01,28.504654,26.952381,-1.5522728,0.54957557,0.540625919898351
1966-03-01,28.80119,27.10446,-1.6967297,-0.07545769,0.15719942251841224
1966-04-01,28.889404,27.256033,-1.6333714,-0.032681942,-0.11743296186129255
1966-05-01,29.029272,26.340837,-2.6884346,-0.4548123,-0.23413901527722675
1966-06-01,28.957026,25.95749,-2.9995346,-0.2372334,-0.24978311856587726
1966-07-01,28.878847,25.3952,-3.4836464,-0.10521531,-0.23677098751068112
1966-08-01,28.708578,24.575768,-4.1328106,-0.33569908,-0.22465745608011883
1966-09-01,28.802246,24.524605,-4.2776413,-0.24678087,-0.22026811043421424
1966-10-01,28.851044,24.681238,-4.1698055,-0.059871197,-0.234938641389211
1966-11-01,28.87837,24.426191,-4.452179,-0.3641677,-0.24705332517623904
1966-12-01,28.720516,24.590048,-4.1304684,-0.41123414,-0.17291742563247678
1967-01-01,28.087069,25.2052,-2.8818684,0.15212774,-0.017803043127059902
1967-02-01,27.910736,26.074806,-1.8359299,0.2659185,0.05078588922818503
1967-03-01,28.269615,26.62631,-1.6433048,-0.022032857,-0.06455639998118087
1967-04-01,28.764435,26.730452,-2.0339832,-0.43329382,-0.20812166730562848
1967-05-01,29.080975,26.510805,-2.5701694,-0.33654714,-0.22055265307426453
1967-06-01,28.897257,26.180492,-2.7167645,0.045536757,-0.16406114896138507
1967-07-01,28.631216,25.137646,-3.4935703,-0.115139246,-0.18440186977386475
1967-08-01,28.46084,24.3012,-4.1596394,-0.36252785,-0.30628244082132977
1967-09-01,28.481886,23.98628,-4.4956055,-0.46474504,-0.4310053388277689
1967-10-01,28.658451,24.017355,-4.641096,-0.5311618,-0.4940643509229024
1967-11-01,28.762674,24.157787,-4.604887,-0.51687574,-0.535081406434377
1967-12-01,28.59149,24.37552,-4.215969,-0.49673486,-0.6243816018104553
1968-01-01,28.451534,24.6125,-3.839035,-0.8050389,-0.7487481534481049
1968-02-01,28.346018,25.235435,-3.1105824,-1.008734,-0.7965756754080454
1968-03-01,28.320372,25.96756,-2.3528118,-0.73153985,-0.7239792744318644
1968-04-01,28.595566,26.577375,-2.0181904,-0.41750097,-0.5919498304526011
1968-05-01,28.92879,26.017319,-2.9114704,-0.6778481,-0.42520035306612647
1968-06-01,29.039873,26.081076,-2.9587975,-0.19649625,-0.19247492154439286
1968-07-01,28.906185,25.710274,-3.1959114,0.18251967,0.08927738666534427
1968-08-01,28.741,25.32366,-3.4173393,0.3797722,0.2855346202850342
1968-09-01,28.745321,25.183731,-3.5615902,0.46927023,0.3229013880093892
1968-10-01,29.140366,25.178885,-3.961481,0.14845324,0.2886729041735331
1968-11-01,29.245321,25.38785,-3.8574715,0.2305398,0.2550213932991028
1968-12-01,29.090267,25.762093,-3.3281746,0.39105964,0.20304149389266968
1969-01-01,29.0633,26.079592,-2.9837074,0.050288677,0.12883376081784562
1969-02-01,28.995434,26.774906,-2.2205276,-0.118679285,0.10537341237068176
1969-03-01,28.940418,27.616316,-1.3241024,0.29716957,0.20850614706675213
1969-04-01,29.13878,27.843855,-1.2949257,0.30576372,0.4108223418394724
1969-05-01,29.250517,27.718748,-1.5317688,0.7018535,0.5740549862384796
1969-06-01,29.015667,27.081789,-1.933878,0.82842326,0.6094206968943278
1969-07-01,28.856497,25.859581,-2.9969158,0.38151526,0.541466196378072
1969-08-01,28.862244,25.508617,-3.3536263,0.44348526,0.4804882208506266
1969-09-01,29.050684,25.473778,-3.5769062,0.45395422,0.5142316619555155
1969-10-01,29.16943,25.716581,-3.4528484,0.6570859,0.5862502853075663
1969-11-01,29.2467,25.830423,-3.416277,0.67173433,0.6105311512947083
1969-12-01,29.153101,26.019976,-3.1331253,0.5861089,0.5256264408429463
1970-01-01,28.891087,26.312988,-2.5780983,0.4558978,0.3112702270348866
1970-02-01,28.691406,26.512657,-2.178749,-0.07690072,0.047119647264480556
1970-03-01,28.813696,26.904716,-1.9089794,-0.28770745,-0.18739600976308185
1970-04-01,28.897379,27.079048,-1.8183308,-0.21764135,-0.37641069293022156
1970-05-01,29.230005,26.326189,-2.9038162,-0.6701939,-0.5943260689576467
1970-06-01,28.935823,25.477764,-3.4580593,-0.6957581,-0.8597066402435303
1970-07-01,28.760939,23.959276,-4.8016624,-1.4232314,-1.016063888867696
1970-08-01,28.457914,23.625273,-4.8326416,-1.0355301,-0.948633591334025
1970-09-01,28.570705,23.904062,-4.666643,-0.6357827,-0.7462388873100281
1970-10-01,28.64592,24.167303,-4.4786167,-0.36868238,-0.61138250430425
1970-11-01,28.83073,23.966852,-4.8638783,-0.775867,-0.5932402809460957
1970-12-01,28.381844,24.071228,-4.3106155,-0.5913813,-0.6099329590797424
1971-01-01,28.020844,24.487406,-3.5334377,-0.49944162,-0.6008059283097584
1971-02-01,27.983692,25.122782,-2.8609104,-0.75906205,-0.5356826484203339
1971-03-01,28.051077,26.045097,-2.0059795,-0.38470757,-0.42082957426706946
1971-04-01,28.425537,26.676733,-1.7488041,-0.14811468,-0.2905283470948537
1971-05-01,28.62701,26.103235,-2.523775,-0.2901528,-0.18677414457003275
1971-06-01,28.414421,25.541882,-2.8725395,-0.11023831,-0.11725481351216631
1971-07-01,28.25268,24.953337,-3.299343,0.07908797,-0.0720920960108439
1971-08-01,28.176905,24.194998,-3.981907,-0.18479538,-0.0962700049082438
1971-09-01,28.201658,24.164595,-4.0370636,-0.0062031746,-0.22045852740605676
1971-10-01,28.6197,23.98529,-4.634409,-0.5244746,-0.3871994217236837
1971-11-01,28.688974,24.028996,-4.659979,-0.5719676,-0.4961861173311869
1971-12-01,28.528318,24.179897,-4.348421,-0.62918687,-0.4584147731463114
1972-01-01,28.400723,25.167551,-3.2331715,-0.19917536,-0.306028534968694
1972-02-01,28.433132,26.184958,-2.2481747,-0.1463263,-0.11621424555778503
1972-03-01,28.608782,27.010376,-1.5984058,0.02286613,0.08306539058685304
1972-04-01,29.02596,27.77412,-1.2518406,0.34884882,0.3311611314614614
1972-05-01,29.212664,27.47597,-1.7366943,0.49692798,0.6724663873513539
1972-06-01,28.926977,27.330158,-1.5968189,1.1654823,1.1008053620656333
1972-07-01,28.774773,26.912367,-1.8624058,1.5160253,1.528186281522115
1972-08-01,28.559042,26.921957,-1.637085,2.1600266,1.7961666584014893
1972-09-01,28.637798,26.407618,-2.2301807,1.8006797,1.8789270520210266
1972-10-01,29.098576,26.786938,-2.3116379,1.7982965,1.889295717080434
1972-11-01,29.168806,27.034206,-2.1345997,1.9534116,1.8780563473701477
1972-12-01,29.217287,27.554115,-1.6631718,2.0560625,1.7119160691897073
1973-01-01,28.957039,27.282316,-1.6747227,1.3592734,1.296530872583389
1973-02-01,28.71359,27.194134,-1.5194569,0.5823915,0.7492943108081817
1973-03-01,28.774746,27.405977,-1.3687687,0.25250328,0.22483925024668366
1973-04-01,28.866966,27.03685,-1.8301163,-0.22942686,-0.19917858640352887
1973-05-01,29.066736,26.103004,-2.9637318,-0.73010945,-0.4994666278362274
1973-06-01,28.77508,25.39077,-3.3843098,-0.62200856,-0.6625101566314697
1973-07-01,28.523996,24.374207,-4.14979,-0.7713587,-0.694918672243754
1973-08-01,28.32762,23.802252,-4.5253677,-0.7282562,-0.6455132961273193
1973-09-01,28.245619,23.742073,-4.5035458,-0.47268534,-0.571483314037323
1973-10-01,28.284311,23.695383,-4.588928,-0.4789939,-0.5247057477633158
1973-11-01,28.21274,23.55078,-4.6619606,-0.57394934,-0.5190162857373555
1973-12-01,27.921007,23.68944,-4.2315674,-0.51233315,-0.5061452190081278
1974-01-01,27.74513,24.225403,-3.5197277,-0.4857316,-0.43182898561159766
1974-02-01,27.81927,25.351048,-2.4682217,-0.3663733,-0.271881232659022
1974-03-01,27.910706,26.26048,-1.6502247,-0.028952718,-0.05620602766672768
1974-04-01,28.210417,26.869032,-1.3413849,0.25930452,0.1464964052041372
1974-05-01,28.574232,26.588886,-1.9853458,0.24827647,0.2838480770587921
1974-06-01,28.428555,26.095394,-2.3331604,0.4291408,0.3581457932790121
1974-07-01,28.31313,25.311386,-3.0017433,0.37668777,0.38798296451568604
1974-08-01,28.30479,24.954668,-3.3501225,0.44698906,0.3387800057729085
1974-09-01,28.34723,24.588749,-3.758482,0.27237844,0.20575743913650507
1974-10-01,28.433788,24.224918,-4.20887,-0.098935604,0.057956039905548075
1974-11-01,28.38836,24.259075,-4.129284,-0.04127264,-0.016785482565561935
1974-12-01,28.223566,24.45524,-3.7683258,-0.049091578,-0.010337889194488518
1975-01-01,28.103388,25.20476,-2.8986282,0.13536787,0.01744825641314187
1975-02-01,28.139004,25.926117,-2.2128868,-0.11103845,0.067751278479894
1975-03-01,28.177877,26.746176,-1.4317017,0.18957031,0.10613286495208743
1975-04-01,28.39405,27.124807,-1.2692432,0.33144617,0.0538982848326365
1975-05-01,28.55703,26.04213,-2.5149002,-0.2812779,-0.06198013822237654
1975-06-01,28.316265,25.26112,-3.0551453,-0.29284406,-0.09926501909891763
1975-07-01,28.017597,24.71514,-3.3024578,0.07597327,-0.0026088158289591136
1975-08-01,27.848372,24.315924,-3.5324478,0.2646637,0.0897826353708903
1975-09-01,27.810179,23.809938,-4.0002403,0.030620098,0.0697386860847473
1975-10-01,27.823494,23.70536,-4.1181335,-0.008199215,-0.03520395358403525
1975-11-01,27.959517,23.740522,-4.218994,-0.13098288,-0.1918921669324239
1975-12-01,27.754639,23.682178,-4.07246,-0.35322595,-0.3484195669492086
1976-01-01,27.890982,24.131866,-3.7591152,-0.7251191,-0.38011202216148376
1976-02-01,27.797783,25.504309,-2.2934742,-0.19162583,-0.21147899826367694
1976-03-01,28.131575,26.614973,-1.5166016,0.104670405,0.0869333346684774
1976-04-01,28.383934,27.226572,-1.157362,0.44332743,0.4017654558022817
1976-05-01,28.593235,26.954145,-1.6390896,0.5945327,0.7160901526610057
1976-06-01,28.547363,26.926954,-1.620409,1.1418922,1.028628905614217
1976-07-01,28.415464,26.391655,-2.0238094,1.3546216,1.2606868346532185
1976-08-01,28.229685,25.91776,-2.311924,1.4851875,1.3304253419240315
1976-09-01,28.533413,25.736536,-2.796877,1.2339835,1.242689271767934
1976-10-01,28.899231,25.905943,-2.993288,1.1166463,1.071038544178009
1976-11-01,29.209856,25.938059,-3.2717972,0.8162141,0.9215621749560038
1976-12-01,28.857935,25.888798,-2.9691372,0.75009704,0.8286807735761006
1977-01-01,28.589394,26.515074,-2.0743198,0.95967627,0.7344827552636464
1977-02-01,28.517132,26.914747,-1.6023846,0.4994638,0.5449546476205189
1977-03-01,28.596954,27.385874,-1.2110806,0.41019142,0.25772527853647864
1977-04-01,28.747673,26.828884,-1.9187889,-0.3180995,0.04589187105496721
1977-05-01,28.9672,26.681746,-2.2854538,-0.051831484,0.011801034212112444
1977-06-01,28.941381,26.427637,-2.5137444,0.24855685,0.05868856112162273
1977-07-01,28.859407,25.628351,-3.2310562,0.14737487,0.035941243171691874
1977-08-01,28.763414,24.707808,-4.055607,-0.25849533,-0.011903524398803728
1977-09-01,28.914318,24.8069,-4.107418,-0.076557636,0.061534066994984975
1977-10-01,29.058249,25.378445,-3.6798038,0.43013048,0.22031146287918094
1977-11-01,29.191174,25.485521,-3.7056522,0.38235903,0.32444077730178833
1977-12-01,29.118183,25.663256,-3.4549274,0.26430678,0.33295275767644245
1978-01-01,28.802519,26.125622,-2.676897,0.35709906,0.29216558734575904
1978-02-01,28.451681,26.639534,-1.8121471,0.28970122,0.1822084089120229
1978-03-01,28.516531,26.928467,-1.5880642,0.033207774,-0.04475494225819909
1978-04-01,28.724213,26.715992,-2.0082207,-0.40753126,-0.32127528389294946
1978-05-01,29.099684,26.192562,-2.9071217,-0.67349935,-0.5245107511679331
1978-06-01,28.979053,25.622747,-3.356306,-0.59400487,-0.6058534781138102
1978-07-01,28.90303,24.895868,-4.007162,-0.628731,-0.5774159828821819
1978-08-01,28.671778,24.294666,-4.3771114,-0.5799999,-0.44312898317972815
1978-09-01,28.676907,24.427492,-4.2494144,-0.21855402,-0.22179875771204627
1978-10-01,28.747475,24.775852,-3.9716225,0.13831186,0.012457668781280535
1978-11-01,28.912727,24.991142,-3.921585,0.16642618,0.13909624020258587
1978-12-01,28.812122,25.425516,-3.3866062,0.332628,0.08557917674382526
1979-01-01,28.828121,25.60331,-3.2248116,-0.19081545,-0.0696144203344981
1979-02-01,28.692068,26.221514,-2.4705544,-0.368706,-0.14425576726595563
1979-03-01,28.734436,26.98286,-1.7515755,-0.1303035,-0.039972424507141086
1979-04-01,28.82867,27.602465,-1.2262058,0.3744836,0.15070687731107077
1979-05-01,29.044613,27.026018,-2.0185947,0.21502757,0.27293724815050757
1979-06-01,28.964016,26.626797,-2.3372192,0.42508197,0.3168400923411051
1979-07-01,28.758183,25.526495,-3.2316875,0.14674354,0.41746993859608966
1979-08-01,28.541407,25.386251,-3.1551552,0.6419563,0.5954150358835857
1979-09-01,28.643345,25.619007,-3.0243378,1.0065227,0.7261730631192524
1979-10-01,28.903427,25.485767,-3.4176598,0.6922746,0.6997046271959941
1979-11-01,29.010712,25.46125,-3.5494614,0.5385499,0.5429852604866028
1979-12-01,29.067823,25.698772,-3.369051,0.35018325,0.3470637996991475
1980-01-01,28.851202,26.044933,-2.8062687,0.22772741,0.12980205814043677
1980-02-01,28.767262,26.43834,-2.3289223,-0.22707391,-0.057137618462244695
1980-03-01,28.85195,26.969515,-1.8824348,-0.26116288,-0.1363949378331502
1980-04-01,28.999489,27.371567,-1.627922,-0.027232647,-0.07837904493014017
1980-05-01,29.271608,26.98109,-2.2905178,-0.056895494,0.03297578295071922
1980-06-01,29.03492,26.62225,-2.4126701,0.34963107,0.07629100481669107
1980-07-01,28.854578,25.393406,-3.461172,-0.08274102,0.05867079893747964
1980-08-01,28.600533,24.766531,-3.8340015,-0.03689003,0.015967607498168956
1980-09-01,28.674173,24.796999,-3.8771744,0.15368605,-0.034823755423227964
1980-10-01,28.9789,24.645672,-4.333229,-0.22329473,-0.0806242823600769
1980-11-01,29.198032,24.940687,-4.257345,-0.16933393,-0.1528117060661316
1980-12-01,28.958473,25.24876,-3.709713,0.009521246,-0.27206697066624963
1981-01-01,28.629618,24.926851,-3.7027664,-0.6687703,-0.38896116614341736
1981-02-01,28.46404,25.796911,-2.6671295,-0.56528115,-0.4117450416088104
1981-03-01,28.685402,26.90829,-1.777111,-0.15583909,-0.32166588306427
1981-04-01,28.851213,27.035015,-1.8161983,-0.21550894,-0.2102663218975067
1981-05-01,29.179205,26.720089,-2.459116,-0.22549367,-0.15250878532727558
1981-06-01,28.979465,26.265284,-2.714182,0.048119307,-0.14182448387145996
1981-07-01,28.824287,25.175734,-3.6485538,-0.27012277,-0.14245466391245526
1981-08-01,28.614931,24.625807,-3.9891243,-0.19201279,-0.11713560422261554
1981-09-01,28.836864,24.834213,-4.002651,0.02820921,-0.07002784808476764
1981-10-01,29.010098,24.940208,-4.069889,0.04004526,-0.04264769951502483
1981-11-01,29.17289,24.857733,-4.315157,-0.22714567,-0.01841197411219278
1981-12-01,28.988113,25.385748,-3.6023655,0.116868734,0.03707800308863324
1982-01-01,28.674292,25.828983,-2.8453083,0.1886878,0.0667948623498281
1982-02-01,28.483707,26.434649,-2.049059,0.05278945,0.01525977253913877
1982-03-01,28.781082,26.924768,-1.8563137,-0.23504174,-0.02050348122914633
1982-04-01,29.078417,27.47188,-1.6065369,-0.005847454,0.08835263053576152
1982-05-01,29.342567,27.473557,-1.8690109,0.3646114,0.33031697074572247
1982-06-01,29.23383,27.113651,-2.1201782,0.642123,0.6221765677134197
1982-07-01,28.6827,26.135841,-2.5468578,0.83157325,0.9557717243830363
1982-08-01,28.523401,26.04121,-2.482191,1.3149204,1.3559176921844482
1982-09-01,28.696411,26.572777,-2.1236343,1.9072261,1.7937550346056619
1982-10-01,29.124437,27.167313,-1.9571247,2.1528096,2.2088846961657205
1982-11-01,29.048237,27.621618,-1.4266186,2.6613927,2.5259059071540833
1982-12-01,28.99273,28.148096,-0.8446331,2.8746011,2.662075301011403
1983-01-01,28.843493,28.485338,-0.3581543,2.6758418,2.575683116912842
1983-02-01,28.605307,28.785444,0.18013763,2.281986,2.35699055592219
1983-03-01,28.67785,29.130255,0.45240402,2.073676,2.1809300581614175
1983-04-01,28.793049,29.225147,0.4320984,2.0327878,2.1228856841723123
1983-05-01,29.037735,29.060406,0.022670746,2.256293,2.0817416111628213
1983-06-01,28.949034,28.258316,-0.6907177,2.0715835,1.9253516991933186
1983-07-01,28.588985,26.779491,-1.809494,1.5689371,1.617018183072408
1983-08-01,28.454935,25.967232,-2.4877033,1.3094082,1.1934770743052163
1983-09-01,28.516005,25.214346,-3.3016586,0.7292018,0.7202888925870259
1983-10-01,28.582022,24.59018,-3.9918423,0.11809206,0.28746523459752393
1983-11-01,28.569347,24.356558,-4.2127895,-0.12477827,-0.01590396960576377
1983-12-01,28.504004,24.639305,-3.8646984,-0.14546418,-0.17484432458877563
1984-01-01,28.45544,25.082624,-3.372816,-0.33881998,-0.21128734946250916
1984-02-01,28.284513,25.939093,-2.3454208,-0.24357247,-0.14528923233350116
1984-03-01,28.3117,26.802149,-1.509552,0.111719966,-0.06036388874053953
1984-04-01,28.489216,26.94611,-1.5431061,0.057583332,-0.08192750811576843
1984-05-01,28.634226,26.126144,-2.5080814,-0.27445912,-0.20027594765027368
1984-06-01,28.497662,25.253687,-3.2439747,-0.48167348,-0.2727879683176676
1984-07-01,28.478428,24.955072,-3.5233555,-0.1449244,-0.2481783628463745
1984-08-01,28.407413,24.464108,-3.943306,-0.14619446,-0.21757324536641437
1984-09-01,28.751928,24.480688,-4.27124,-0.24037981,-0.25697392225265503
1984-10-01,28.614372,24.115923,-4.4984493,-0.388515,-0.34733869632085157
1984-11-01,28.572886,24.11176,-4.4611263,-0.37311506,-0.44934290647506714
1984-12-01,28.27927,23.93271,-4.3465595,-0.6273253,-0.5474439263343811
1985-01-01,28.333427,24.687677,-3.64575,-0.61175394,-0.6152869959672291
1985-02-01,28.21061,25.391857,-2.8187523,-0.7169039,-0.623109628756841
1985-03-01,28.280869,26.128971,-2.1518974,-0.53062546,-0.6076275110244751
1985-04-01,28.505514,26.349588,-2.1559258,-0.55523634,-0.6005041301250458
1985-05-01,28.81233,25.837854,-2.9744759,-0.74085355,-0.5919547577699025
1985-06-01,28.644634,25.42857,-3.2160645,-0.45376325,-0.5752748648325602
1985-07-01,28.614351,24.653502,-3.9608498,-0.5824187,-0.5562762022018433
1985-08-01,28.577326,24.217022,-4.360304,-0.56319237,-0.5641922156016032
1985-09-01,28.735142,24.150362,-4.5847797,-0.5539193,-0.5939970215161641
1985-10-01,28.911842,24.147148,-4.764694,-0.6547599,-0.6316037376721699
1985-11-01,29.121593,24.35757,-4.764023,-0.67601156,-0.6646077036857605
1985-12-01,28.99189,24.565435,-4.4264545,-0.7072203,-0.6549126903216044
1986-01-01,28.5915,24.926117,-3.6653824,-0.6313863,-0.5901351074377695
1986-02-01,28.463566,25.9086,-2.554966,-0.4531176,-0.49488414327303565
1986-03-01,28.610426,26.590103,-2.0203228,-0.39905083,-0.4260650873184204
1986-04-01,28.814737,26.88644,-1.928297,-0.32760763,-0.4127178688844044
1986-05-01,29.098223,26.321585,-2.776638,-0.5430157,-0.392230878273646
1986-06-01,29.131805,26.006638,-3.1251678,-0.36286664,-0.3153372605641683
1986-07-01,29.02388,25.581215,-3.442665,-0.06423402,-0.19603335857391357
1986-08-01,28.9729,24.992565,-3.9803352,-0.18322372,-0.04986214637756347
1986-09-01,29.10511,25.160072,-3.9450378,0.08582258,0.13423711061477664
1986-10-01,29.312172,25.634888,-3.6772842,0.4326501,0.35041123628616333
1986-11-01,29.352715,25.848213,-3.5045013,0.5835099,0.5475277702013651
1986-12-01,29.027454,25.95778,-3.0696735,0.6495607,0.6946006814638773
1987-01-01,28.855145,26.724987,-2.1301575,0.90383863,0.7922965586185455
1987-02-01,28.689737,27.430159,-1.2595787,0.84226966,0.8425871829191843
1987-03-01,28.973001,28.184933,-0.7880688,0.8332032,0.859221339225769
1987-04-01,29.079979,28.36057,-0.71940804,0.8812814,0.8649992446104685
1987-05-01,29.363678,28.033407,-1.3302708,0.90335155,0.8891659875710805
1987-06-01,29.370043,27.410673,-1.9593697,0.80293155,0.9591453075408934
1987-07-01,29.030804,26.823116,-2.2076874,1.1707437,1.0723166068394978
1987-08-01,28.909487,26.306826,-2.6026611,1.1944504,1.148659308751424
1987-09-01,29.14691,26.405376,-2.7415333,1.2893271,1.082212746143341
1987-10-01,29.45779,26.170822,-3.2869682,0.8229661,0.8966248631477356
1987-11-01,29.605371,26.123611,-3.48176,0.60625124,0.6752668817838032
1987-12-01,29.364775,26.231989,-3.1327858,0.58644843,0.4384564757347107
1988-01-01,29.037434,26.164064,-2.8733692,0.16062689,0.1785344978173573
1988-02-01,28.802265,26.4925,-2.3097649,-0.2079165,-0.09948648015658063
1988-03-01,28.983562,27.12035,-1.8632126,-0.24194062,-0.37664504845937097
1988-04-01,28.913752,26.608383,-2.3053684,-0.704679,-0.6744876404603323
1988-05-01,28.913023,25.704582,-3.2084408,-0.97481847,-0.9821582337220509
1988-06-01,28.720024,24.540781,-4.179243,-1.4169419,-1.1916558742523193
1988-07-01,28.530035,23.871782,-4.6582527,-1.2798216,-1.2293498118718464
1988-08-01,28.470366,23.50975,-4.960615,-1.1635036,-1.138620138168335
1988-09-01,28.456821,23.509205,-4.9476166,-0.91675615,-1.0261526306470234
1988-10-01,28.32739,23.214705,-5.112686,-1.0027518,-0.9450855453809102
1988-11-01,28.304724,23.348494,-4.95623,-0.8682189,-0.862041175365448
1988-12-01,28.087008,23.556183,-4.5308247,-0.81159043,-0.7064432104428608
1989-01-01,27.921877,24.376045,-3.5458317,-0.5118356,-0.49987873435020447
1989-02-01,27.841743,25.651854,-2.18989,-0.088041544,-0.3508802751700083
1989-03-01,28.075632,26.070272,-2.0053596,-0.38408768,-0.3191601037979126
1989-04-01,28.471655,26.511929,-1.9597263,-0.35903692,-0.33740048607190454
1989-05-01,28.792652,26.11853,-2.6741219,-0.44049954,-0.2901904284954071
1989-06-01,28.658821,25.845665,-2.8131561,-0.05085492,-0.21091755231221515
1989-07-01,28.730278,25.245323,-3.4849548,-0.10652375,-0.18934953212738037
1989-08-01,28.617525,24.49293,-4.1245956,-0.32748413,-0.2288218339284261
1989-09-01,28.846886,24.545443,-4.301443,-0.27058268,-0.2645232081413269
1989-10-01,28.9555,24.591814,-4.3636856,-0.25375128,-0.2772924304008484
1989-11-01,29.003544,24.673815,-4.329729,-0.24171782,-0.312208354473114
1989-12-01,29.026213,24.85886,-4.1673527,-0.44811845,-0.3409290909767151
1990-01-01,28.875408,25.437975,-3.4374332,-0.40343714,-0.3238409459590912
1990-02-01,28.778187,26.56688,-2.2113075,-0.10945916,-0.27236108978589374
1990-03-01,28.965975,26.98681,-1.9791641,-0.35789216,-0.2061051925023397
1990-04-01,29.14898,27.4499,-1.6990795,-0.0983901,-0.14542934298515317
1990-05-01,29.385517,27.137186,-2.248331,-0.014708757,-0.11821688214937845
1990-06-01,29.21961,26.33298,-2.886631,-0.124329805,-0.1609779198964437
1990-07-01,29.137478,25.425331,-3.7121468,-0.33371568,-0.220327893892924
1990-08-01,29.044231,24.956367,-4.087864,-0.2907524,-0.2359351317087809
1990-09-01,29.012798,24.932821,-4.079977,-0.04911661,-0.24042449394861856
1990-10-01,29.314442,24.809122,-4.5053196,-0.39538527,-0.2693602442741394
1990-11-01,29.293373,24.908863,-4.38451,-0.29649878,-0.2966631452242533
1990-12-01,29.235287,25.19287,-4.0424175,-0.3231833,-0.2794690728187561
1991-01-01,29.088755,25.885618,-3.2031364,-0.16914034,-0.24078338344891864
1991-02-01,28.889612,26.51917,-2.3704414,-0.26859307,-0.2321964601675669
1991-03-01,28.90769,27.145407,-1.7622833,-0.14101136,-0.2355268398920695
1991-04-01,29.260227,27.20119,-2.0590363,-0.45834684,-0.15870226422945655
1991-05-01,29.4168,27.27086,-2.1459389,0.08768344,0.03394471605618797
1991-06-01,29.3451,26.940336,-2.4047642,0.35753703,0.2327794233957927
1991-07-01,29.132936,26.254549,-2.8783875,0.50004363,0.28699791431427
1991-08-01,29.001003,25.262262,-3.738741,0.05837059,0.23899801572163895
1991-09-01,28.916586,24.99412,-3.9224663,0.108394146,0.2708043853441874
1991-10-01,29.231318,25.573027,-3.6582909,0.45164347,0.46445526679356897
1991-11-01,29.328878,26.026857,-3.302021,0.78599024,0.7409855326016744
1991-12-01,29.168049,26.47418,-2.6938686,1.0253656,0.9557132124900818
1992-01-01,28.802649,26.977097,-1.825552,1.2084441,1.0389892160892487
1992-02-01,28.775288,27.605589,-1.1696987,0.93214965,1.0370350182056427
1992-03-01,28.935562,28.289848,-0.6457138,0.97555816,1.041749358177185
1992-04-01,29.206947,28.744707,-0.46224022,1.1384492,1.025590052207311
1992-05-01,29.42971,28.374607,-1.0551033,1.178519,0.8422413965066273
1992-06-01,29.228756,26.825357,-2.4033985,0.3589027,0.4594082037607828
1992-07-01,29.024305,25.571081,-3.4532242,-0.0747931,0.03317749500274654
1992-08-01,28.847792,24.67834,-4.1694508,-0.37233925,-0.25350356101989746
1992-09-01,29.010939,24.539171,-4.4717674,-0.440907,-0.35581574837366736
1992-10-01,29.099142,24.62472,-4.4744225,-0.36448812,-0.3442193865776062
1992-11-01,29.072836,24.763939,-4.308897,-0.22088575,-0.2934365471204122
1992-12-01,29.024672,24.990475,-4.034197,-0.31496263,-0.21861543258031207
1993-01-01,28.866383,25.67395,-3.1924324,-0.1584363,-0.09030311306317645
1993-02-01,28.642082,26.679153,-1.9629288,0.13891959,0.12418845295906067
1993-03-01,28.791588,27.469439,-1.3221493,0.2991227,0.4113657077153524
1993-04-01,29.05126,28.278057,-0.7732029,0.8274865,0.6644982794920604
1993-05-01,29.218313,27.983807,-1.2345066,0.9991157,0.7331523398558298
1993-06-01,29.113377,26.981474,-2.1319027,0.6303985,0.5651811758677165
1993-07-01,28.955797,25.705954,-3.2498436,0.12858748,0.3013283014297485
1993-08-01,28.763426,25.016298,-3.7471275,0.04998398,0.13993541399637857
1993-09-01,28.920975,24.95144,-3.969534,0.061326504,0.10078110297520956
1993-10-01,28.994482,25.163696,-3.8307858,0.27914858,0.06023786465326945
1993-11-01,29.3491,25.10917,-4.239929,-0.15191793,-0.02980726957321169
1993-12-01,29.103079,25.211895,-3.8911839,-0.17194963,-0.13756948709487915
1994-01-01,28.805794,25.638859,-3.166935,-0.13293886,-0.2497720817724864
1994-02-01,28.626213,26.136751,-2.489462,-0.38761353,-0.3884854018688202
1994-03-01,28.893536,26.637362,-2.256174,-0.6349021,-0.5158082246780396
1994-04-01,29.099823,26.863235,-2.2365875,-0.6358981,-0.5368101298809052
1994-05-01,29.322552,26.642313,-2.6802387,-0.4466164,-0.4803028603394826
1994-06-01,29.281464,26.253202,-3.0282612,-0.26595998,-0.458819309870402
1994-07-01,29.192347,25.177223,-4.0151234,-0.6366923,-0.46501878897349036
1994-08-01,29.126402,24.773123,-4.353279,-0.5561676,-0.3712095419565836
1994-09-01,29.05493,24.903612,-4.1513176,-0.12045717,-0.12391855319341019
1994-10-01,29.389355,25.586985,-3.80237,0.30756426,0.16508831580479943
1994-11-01,29.573442,25.86274,-3.710703,0.37730837,0.36729317903518677
1994-12-01,29.320534,26.137716,-3.1828175,0.53641677,0.4253939986228943
1995-01-01,29.093077,26.54588,-2.5471973,0.48679876,0.30399289727211
1995-02-01,29.025667,26.982994,-2.042673,0.059175253,0.018578241268793712
1995-03-01,29.206358,27.121721,-2.0846367,-0.46336472,-0.32706145445505774
1995-04-01,29.292566,27.071396,-2.2211704,-0.620481,-0.5830752551555634
1995-05-01,29.524311,26.416529,-3.1077824,-0.87416005,-0.6550630430380503
1995-06-01,29.411997,26.088116,-3.3238811,-0.56157994,-0.6077029705047607
1995-07-01,29.177235,25.444235,-3.7329998,-0.35456872,-0.5739635229110718
1995-08-01,29.00604,24.46948,-4.53656,-0.73944855,-0.6095411777496338
1995-09-01,28.996542,24.27364,-4.7229023,-0.6920419,-0.6658066312472025
1995-10-01,29.062904,24.297682,-4.7652225,-0.6552882,-0.6901718974113464
1995-11-01,29.143187,24.372442,-4.7707443,-0.68273306,-0.694395085175832
1995-12-01,29.017128,24.500757,-4.516371,-0.79713655,-0.6721703807512919
1996-01-01,28.694345,25.107857,-3.5864887,-0.5524926,-0.596787303686142
1996-02-01,28.570784,25.952402,-2.6183815,-0.51653314,-0.5146209100882212
1996-03-01,28.77245,26.823442,-1.949007,-0.32773507,-0.5008747975031534
1996-04-01,29.024042,26.751854,-2.2721882,-0.6714988,-0.5362306137879689
1996-05-01,29.20196,26.385368,-2.8165913,-0.58296895,-0.5461508929729462
1996-06-01,29.198261,25.935833,-3.2624283,-0.5001271,-0.4887761274973551
1996-07-01,28.981241,25.223488,-3.7577534,-0.3793223,-0.4092884461085001
1996-08-01,28.787449,24.683905,-4.103544,-0.30643272,-0.3767465750376383
1996-09-01,28.950531,24.528147,-4.4223843,-0.39152384,-0.4092873136202494
1996-10-01,29.120434,24.527937,-4.592497,-0.48256254,-0.512283186117808
1996-11-01,29.234104,24.547049,-4.6870556,-0.5990443,-0.6511682073275249
1996-12-01,29.106853,24.448608,-4.658245,-0.93901086,-0.7321639657020569
1997-01-01,28.871382,25.075788,-3.7955933,-0.76159716,-0.64986452460289
1997-02-01,28.704388,26.137102,-2.5672855,-0.46543717,-0.4009567598501841
1997-03-01,28.806349,27.24548,-1.5608692,0.06040275,-0.0665228764216105
1997-04-01,29.22445,27.716621,-1.5078278,0.09286165,0.3470806578795116
1997-05-01,29.482588,28.088404,-1.3941841,0.8394382,0.8683863778909048
1997-06-01,29.274916,28.07205,-1.2028656,1.5594356,1.46323561668396
1997-07-01,29.173971,27.84113,-1.3328419,2.0455892,2.0060775677363076
1997-08-01,28.946007,27.722036,-1.2239704,2.573141,2.398542483647664
1997-09-01,29.079601,27.702147,-1.3774548,2.6534057,2.6430662274360657
1997-10-01,29.275034,27.998625,-1.2764091,2.8335252,2.768299877643585
1997-11-01,29.443136,28.192709,-1.2504272,2.837584,2.8126805424690247
1997-12-01,29.294285,28.414438,-0.8798466,2.8393877,2.7612728476524353
1998-01-01,28.980608,28.676298,-0.30430984,2.7296863,2.5796050926049547
1998-02-01,28.785177,28.925716,0.14053917,2.2423875,2.2877332667509713
1998-03-01,28.842806,29.17514,0.33233452,1.9536065,1.9528610308965046
1998-04-01,28.998222,28.991516,-0.006706238,1.5939832,1.581872890392939
1998-05-01,29.215963,28.36345,-0.85251427,1.381108,1.1081831753253935
1998-06-01,29.028097,26.625807,-2.4022903,0.36001086,0.5760509967803954
1998-07-01,28.927773,25.507519,-3.4202538,-0.041822672,0.13356029987335202
1998-08-01,28.734743,24.79836,-3.9363823,-0.13927078,-0.12211759885152182
1998-09-01,28.789394,24.48522,-4.3041744,-0.273314,-0.23132628202438354
1998-10-01,28.730011,24.297148,-4.432863,-0.3229289,-0.28230971097946167
1998-11-01,28.703976,24.361727,-4.342249,-0.25423765,-0.3024699091911316
1998-12-01,28.381706,24.288397,-4.0933094,-0.37407517,-0.28128502766291297
1999-01-01,28.061405,24.779047,-3.2823582,-0.24836206,-0.19613489508628845
1999-02-01,27.872343,25.722103,-2.15024,-0.04839158,-0.0861053168773651
1999-03-01,28.229506,26.769701,-1.4598045,0.16146743,-0.04072678089141847
1999-04-01,28.514881,26.709253,-1.8056278,-0.20493841,-0.08631297945976257
1999-05-01,28.725191,26.36533,-2.3598614,-0.12623906,-0.16792763272921246
1999-06-01,28.67336,25.637764,-3.0355968,-0.27329564,-0.21837051709493
1999-07-01,28.51036,24.894989,-3.6153717,-0.23694062,-0.2642886241277059
1999-08-01,28.28981,24.259912,-4.0298977,-0.23278618,-0.35935425758361816
1999-09-01,28.571962,23.961885,-4.610077,-0.5792165,-0.5043063362439474
1999-10-01,28.64141,23.872137,-4.7692738,-0.6593394,-0.6594755053520203
1999-11-01,28.580143,23.670639,-4.909504,-0.8214927,-0.784680704275767
1999-12-01,28.382996,23.822327,-4.560669,-0.8414347,-0.8416549960772196
2000-01-01,28.14416,24.061504,-4.082655,-1.0486588,-0.7576836049556732
2000-02-01,27.924282,25.358107,-2.5661755,-0.4643271,-0.4988077183564503
2000-03-01,28.050192,26.27013,-1.7800617,-0.15878975,-0.16836178302764887
2000-04-01,28.36562,27.100327,-1.2652931,0.3353963,0.02005222439765934
2000-05-01,28.640816,26.457462,-2.1833534,0.05026889,-0.0085395673910777
2000-06-01,28.688416,25.615046,-3.07337,-0.31106877,-0.13327399889628094
2000-07-01,28.570864,24.97469,-3.5961742,-0.21774316,-0.21072852611541748
2000-08-01,28.576248,24.59115,-3.985098,-0.18798637,-0.2206415335337321
2000-09-01,28.801214,24.55948,-4.2417336,-0.21087313,-0.25472388664881385
2000-10-01,28.882061,24.473291,-4.4087696,-0.29883528,-0.33285826444625854
2000-11-01,28.93699,24.313993,-4.6229973,-0.534986,-0.40668489535649616
2000-12-01,28.588114,24.495485,-4.0926285,-0.37339425,-0.41982354720433557
2001-01-01,28.513681,24.966972,-3.546709,-0.51271296,-0.3226951062679291
2001-02-01,28.217451,26.01323,-2.2042217,-0.10237336,-0.15012944738070166
2001-03-01,28.486513,27.00604,-1.4804726,0.1407994,-0.01574544111887612
2001-04-01,28.859339,27.355724,-1.5036144,0.097074986,-0.021895458300908423
2001-05-01,29.05416,26.597002,-2.4571571,-0.22353482,-0.13735140363375348
2001-06-01,29.084263,26.021496,-3.062767,-0.30046582,-0.2574427127838135
2001-07-01,29.006983,25.343847,-3.6631355,-0.28470445,-0.3767511447270711
2001-08-01,28.945347,24.688429,-4.256918,-0.45980644,-0.5296150048573812
2001-09-01,29.14878,24.240076,-4.9087048,-0.87784433,-0.6811291575431824
2001-10-01,29.249783,24.411806,-4.8379765,-0.7280421,-0.7671237190564473
2001-11-01,29.372833,24.4709,-4.9019337,-0.8139224,-0.7801041801770527
2001-12-01,29.050627,24.573183,-4.4774437,-0.75820947,-0.7454845706621804
2002-01-01,29.000977,25.198019,-3.8029575,-0.7689614,-0.6198943555355072
2002-02-01,28.791586,26.253454,-2.5381317,-0.43628335,-0.4128767351309458
2002-03-01,28.933474,27.346716,-1.5867577,0.034514308,-0.23571264743804932
2002-04-01,29.31986,27.471334,-1.848526,-0.24783659,-0.1473848521709442
2002-05-01,29.475292,27.096382,-2.37891,-0.14528775,-0.1195512314637502
2002-06-01,29.44503,26.67406,-2.7709694,-0.008668184,-0.08789865175882974
2002-07-01,29.229708,25.732813,-3.4968948,-0.118463755,-0.030308763186136886
2002-08-01,29.05962,25.281488,-3.7781315,0.018980026,0.07996217409769694
2002-09-01,29.157658,25.3513,-3.8063583,0.22450209,0.2722673217455546
2002-10-01,29.386276,25.850521,-3.5357552,0.5741792,0.490438441435496
2002-11-01,29.60667,26.226845,-3.3798256,0.7081857,0.6155646443367004
2002-12-01,29.35242,26.404688,-2.947733,0.7715013,0.5490742723147074
2003-01-01,29.110737,26.36923,-2.7415066,0.29248953,0.308853934208552
2003-02-01,28.889118,26.713951,-2.175167,-0.07331872,-0.01973975698153181
2003-03-01,29.069017,27.181301,-1.8877163,-0.26644433,-0.3705485264460246
2003-04-01,29.321991,26.928062,-2.3939285,-0.7932391,-0.6648480594158173
2003-05-01,29.370598,26.063354,-3.3072433,-1.073621,-0.7823105355103811
2003-06-01,29.292536,25.81853,-3.4740067,-0.71170545,-0.6589718659718831
2003-07-01,29.19013,25.499735,-3.6903954,-0.31196427,-0.4192765951156615
2003-08-01,28.965052,25.057095,-3.907957,-0.110845566,-0.23969022432963052
2003-09-01,29.138472,24.865423,-4.2730484,-0.24218798,-0.15683350960413614
2003-10-01,29.460056,25.291384,-4.1686726,-0.05873823,-0.09720168511072795
2003-11-01,29.563198,25.382652,-4.180546,-0.09253454,-0.01648062467575072
2003-12-01,29.23304,25.697351,-3.5356884,0.18354583,0.02171383301417034
2004-01-01,29.050629,26.056768,-2.9938602,0.04013586,-0.03786262869834901
2004-02-01,28.90995,26.550419,-2.3595314,-0.25768304,-0.16121416290601098
2004-03-01,28.920712,26.99949,-1.9212208,-0.2999488,-0.28749318917592365
2004-04-01,29.19379,27.285156,-1.9086342,-0.30794477,-0.3767308096090952
2004-05-01,29.411568,26.58457,-2.8269978,-0.59337544,-0.41343169411023456
2004-06-01,29.223318,26.109682,-3.113636,-0.3513348,-0.3687164783477783
2004-07-01,29.16141,25.473087,-3.688322,-0.309891,-0.24459985891977942
2004-08-01,28.989021,25.190395,-3.798626,-0.0015144348,-0.1104929447174072
2004-09-01,29.253868,25.179296,-4.0745716,-0.043711185,-0.008832474549611401
2004-10-01,29.412777,25.395126,-4.0176506,0.092283726,0.05162984132766724
2004-11-01,29.501501,25.519928,-3.981573,0.10643816,0.05180150270462036
2004-12-01,29.414196,25.758718,-3.6554775,0.063756704,-0.04574193557103476
2005-01-01,29.244112,25.981571,-3.2625408,-0.22854471,-0.23314572374025982
2005-02-01,28.919325,26.287582,-2.6317425,-0.5298941,-0.3839815159638723
2005-03-01,29.044716,26.831848,-2.2128677,-0.59159577,-0.3650954167048136
2005-04-01,29.161922,27.469696,-1.6922264,-0.091537,-0.20430935422579444
2005-05-01,29.32415,27.168604,-2.1555462,0.078076124,-0.05585675438245136
2005-06-01,29.237476,26.460064,-2.7774124,-0.015111208,-0.015579462051391605
2005-07-01,29.10192,25.652443,-3.4494762,-0.07104516,-0.06498738129933675
2005-08-01,28.897905,25.04473,-3.853176,-0.056064606,-0.17874423662821454
2005-09-01,29.0037,24.612623,-4.391077,-0.36021662,-0.3637889424959818
2005-10-01,29.221146,24.499435,-4.72171,-0.6117759,-0.5902689496676128
2005-11-01,29.049213,24.111168,-4.9380455,-0.85003424,-0.7545433243115742
2005-12-01,28.726112,24.057571,-4.668541,-0.9493067,-0.7383261322975159
2006-01-01,28.505547,24.860632,-3.6449146,-0.6109185,-0.5589237312475841
2006-02-01,28.286875,26.116974,-2.169901,-0.06805253,-0.3669571578502655
2006-03-01,28.536818,26.554247,-1.9825706,-0.36129868,-0.27466420332590735
2006-04-01,28.898716,27.03271,-1.8660069,-0.26531744,-0.2597348392009735
2006-05-01,29.258293,26.784924,-2.4733696,-0.23974729,-0.23236708839734393
2006-06-01,29.242891,26.296232,-2.946659,-0.18435788,-0.15707039833068848
2006-07-01,29.066195,25.568672,-3.4975224,-0.11909127,-0.023382226626078265
2006-08-01,28.974747,25.372055,-3.6026917,0.19441986,0.17409968376159668
2006-09-01,29.198452,25.572931,-3.6255207,0.40533972,0.38278975089391076
2006-10-01,29.281422,25.808617,-3.472805,0.6371293,0.527922769387563
2006-11-01,29.442226,25.950777,-3.4914494,0.5965619,0.569574495156606
2006-12-01,29.375196,26.242393,-3.132803,0.58643126,0.4762489994366963
2007-01-01,28.9981,26.33673,-2.6613712,0.37262487,0.2386482457319895
2007-02-01,28.75355,26.476274,-2.277275,-0.17542672,-0.07778705159823104
2007-03-01,28.824165,26.746597,-2.077568,-0.4562961,-0.3741429249445597
2007-04-01,29.039286,26.87144,-2.1678448,-0.56715536,-0.5789569715658824
2007-05-01,29.197548,26.154516,-3.0430317,-0.8094094,-0.678431878487269
2007-06-01,29.242561,25.773941,-3.4686203,-0.7063191,-0.717818021774292
2007-07-01,28.937138,24.93188,-4.0052567,-0.6268256,-0.7671181758244832
2007-08-01,28.772478,24.062687,-4.709791,-0.9126797,-0.8760419686635335
2007-09-01,28.730482,23.667912,-5.0625706,-1.0317101,-1.0115129351615906
2007-10-01,28.794195,23.504402,-5.289793,-1.1798587,-1.0950414538383484
2007-11-01,28.559126,23.36424,-5.1948853,-1.106874,-1.0863328178723652
2007-12-01,28.408983,23.597118,-4.811865,-1.0926306,-0.9619362155596414
2008-01-01,28.003094,24.209778,-3.793316,-0.7593198,-0.720915009578069
2008-02-01,27.809965,25.313845,-2.4961205,-0.3942721,-0.4103162785371144
2008-03-01,28.126125,26.458735,-1.6673908,-0.046118855,-0.1159947315851847
2008-04-01,28.43925,27.000801,-1.4384499,0.16223955,0.10355864961942038
2008-05-01,28.674692,26.689026,-1.9856663,0.24795604,0.264206200838089
2008-06-01,28.660114,26.28032,-2.379795,0.38250613,0.4041690031687418
2008-07-01,28.657509,25.86961,-2.787899,0.59053206,0.4906863768895467
2008-08-01,28.653187,25.498375,-3.1548119,0.64229965,0.45434133211771643
2008-09-01,28.752571,24.925446,-3.8271255,0.20373487,0.3112309575080871
2008-10-01,28.914085,24.921741,-3.992344,0.11759043,0.12096037467320758
2008-11-01,28.912853,24.874472,-4.0383816,0.04962969,-0.07573463519414268
2008-12-01,28.746502,24.606037,-4.140465,-0.42123055,-0.2484767238299052
2009-01-01,28.553406,25.11926,-3.434145,-0.40014887,-0.3866216440995534
2009-02-01,28.420704,25.956024,-2.4646797,-0.36283135,-0.45348752538363135
2009-03-01,28.670778,26.313198,-2.3575802,-0.7363082,-0.4044163624445597
2009-04-01,29.034546,27.273933,-1.7606125,-0.15992308,-0.22436131040255225
2009-05-01,29.40865,27.235676,-2.1729736,0.06064868,0.04513894518216453
2009-06-01,29.406408,26.981274,-2.4251347,0.33716655,0.2640958627065023
2009-07-01,29.263367,26.388586,-2.8747807,0.5036504,0.36162547270456946
2009-08-01,29.215885,25.706284,-3.5096016,0.28750992,0.36692579587300617
2009-09-01,29.22278,25.582146,-3.6406345,0.3902259,0.3416439493497212
2009-10-01,29.553583,25.677923,-3.87566,0.23427439,0.37472675244013465
2009-11-01,29.735363,26.117172,-3.6181908,0.4698205,0.458942711353302
2009-12-01,29.592388,26.565128,-3.0272598,0.6919744,0.5145375927289326
2010-01-01,29.32053,26.745592,-2.5749378,0.45905828,0.47359370191891986
2010-02-01,28.95491,27.238705,-1.7162056,0.38564277,0.3429718315601349
2010-03-01,29.220417,27.743364,-1.4770527,0.14421928,0.1907043854395548
2010-04-01,29.469599,27.940193,-1.5294056,0.07128382,0.0231976012388865
2010-05-01,29.40709,27.055204,-2.3518848,-0.11826253,-0.19165314237276715
2010-06-01,29.15045,25.917871,-3.2325783,-0.47027707,-0.43237249056498217
2010-07-01,28.873236,24.720778,-4.152458,-0.7740271,-0.6268743276596069
2010-08-01,28.394888,23.896,-4.498888,-0.7017765,-0.7510195573170979
2010-09-01,28.406712,23.58389,-4.8228207,-0.79196024,-0.8336987694104512
2010-10-01,28.468004,23.32118,-5.146824,-1.0368896,-0.8828656077384948
2010-11-01,28.472069,23.537539,-4.9345303,-0.846519,-0.87321537733078
2010-12-01,28.318314,23.769464,-4.548849,-0.8296149,-0.7791507045427957
2011-01-01,28.148151,24.41312,-3.7350311,-0.701035,-0.6348921557267506
2011-02-01,28.168528,25.714882,-2.4536457,-0.35179734,-0.47340024511019385
2011-03-01,28.422338,26.377256,-2.045082,-0.42381012,-0.3003518978754679
2011-04-01,28.70687,27.036716,-1.6701527,-0.06946325,-0.11425023277600604
2011-05-01,28.927246,26.749458,-2.1777878,0.05583453,0.08769650260607403
2011-06-01,28.845547,26.44582,-2.3997269,0.36257434,0.21359928448994953
2011-07-01,28.626362,25.621428,-3.0049343,0.37349677,0.16585330168406165
2011-08-01,28.52357,24.620821,-3.902748,-0.1056366,-0.03965783119201663
2011-09-01,28.561256,24.2,-4.3612556,-0.33039522,-0.30259754260381067
2011-10-01,28.700964,24.045803,-4.655161,-0.5452266,-0.4866827527681986
2011-11-01,28.86014,24.041632,-4.818508,-0.7304969,-0.5194757978121439
2011-12-01,28.524755,24.434547,-4.090208,-0.37097383,-0.3920597036679586
2012-01-01,28.264114,24.997393,-3.2667217,-0.23272562,-0.1704812149206797
2012-02-01,28.219303,26.331528,-1.8877754,0.21407294,0.01839561263720195
2012-03-01,28.45248,26.917536,-1.5349445,0.08632743,0.11782173315684001
2012-04-01,28.80416,27.378094,-1.4260654,0.17462397,0.1800622443358103
2012-05-01,29.07958,26.981144,-2.0984364,0.13518596,0.3124103049437205
2012-06-01,29.022964,26.844301,-2.1786633,0.58363795,0.49710361162821454
2012-07-01,28.868534,26.33717,-2.5313644,0.84706664,0.5797433455785116
2012-08-01,28.94371,25.655909,-3.2878017,0.50930977,0.4497849941253662
2012-09-01,29.119646,25.24341,-3.876236,0.15462446,0.1748477419217427
2012-10-01,29.300333,24.961868,-4.3384647,-0.2285304,-0.0891828735669454
2012-11-01,29.428986,25.131245,-4.297741,-0.20972967,-0.29289517800013226
2012-12-01,29.14533,24.92603,-4.219301,-0.500067,-0.43731854359308875
2013-01-01,28.807606,25.128954,-3.6786518,-0.6446557,-0.47499180833498633
2013-02-01,28.590166,26.03245,-2.5577164,-0.455868,-0.3931946456432342
2013-03-01,28.747532,27.082516,-1.6650162,-0.043744206,-0.3330193758010864
2013-04-01,29.050924,27.120638,-1.9302864,-0.329597,-0.4347024460633596
2013-05-01,29.271503,26.217676,-3.0538273,-0.820205,-0.6337771912415822
2013-06-01,29.175846,25.56322,-3.612627,-0.8503258,-0.7569250265757242
2013-07-01,29.052124,24.9327,-4.119425,-0.74099374,-0.7304699023564656
2013-08-01,28.98281,24.517094,-4.4657154,-0.6686039,-0.6017313798268635
2013-09-01,29.082651,24.627121,-4.45553,-0.42466974,-0.4496792356173197
2013-10-01,29.171057,24.862078,-4.308979,-0.1990447,-0.33532367149988807
2013-11-01,29.353584,24.91204,-4.4415436,-0.3535323,-0.2770935893058777
2013-12-01,29.112837,25.169107,-3.9437294,-0.22449517,-0.2963772416114807
2014-01-01,28.74348,25.49378,-3.2497005,-0.21570444,-0.3767081995805105
2014-02-01,28.707294,25.853655,-2.8536396,-0.75179124,-0.42452284693717957
2014-03-01,28.944504,26.947943,-1.996561,-0.37528908,-0.32995172341664625
2014-04-01,29.22099,27.530666,-1.6903229,-0.089633465,-0.06846369306246436
2014-05-01,29.4717,27.519793,-1.9519081,0.2817142,0.21295304099718732
2014-06-01,29.434036,27.24122,-2.1928158,0.5694854,0.34992146492004395
2014-07-01,29.14134,26.127222,-3.0141182,0.3643129,0.3075705766677856
2014-08-01,29.106869,25.382425,-3.7244434,0.072668076,0.1837071577707926
2014-09-01,29.23453,25.22909,-4.0054398,0.025420666,0.1303626497586568
2014-10-01,29.44944,25.514633,-3.9348068,0.1751275,0.17626251777013144
2014-11-01,29.635145,25.902103,-3.7330418,0.3549695,0.202534019947052
2014-12-01,29.454727,25.936295,-3.5184326,0.20080161,0.09977191686630248
2015-01-01,29.23372,26.057047,-3.176674,-0.14267778,-0.10593208670616153
2015-02-01,29.093592,26.573797,-2.5197945,-0.4179461,-0.24980255961418155
2015-03-01,29.22212,27.196838,-2.025282,-0.40400994,-0.17778122425079343
2015-04-01,29.574907,28.087633,-1.4872742,0.11341524,0.12363031506538395
2015-05-01,29.703314,28.008627,-1.6946869,0.5389354,0.552131603161494
2015-06-01,29.644238,27.925009,-1.7192287,1.0430725,0.976609468460083
2015-07-01,29.390554,27.416508,-1.9740467,1.4043844,1.324494163195292
2015-08-01,29.198286,27.004824,-2.1934624,1.6036491,1.5789164702097573
2015-09-01,29.39226,27.158691,-2.2335682,1.7972922,1.7344587445259094
2015-10-01,29.558056,27.33242,-2.2256355,1.8842988,1.8037997682889302
2015-11-01,29.917414,27.58551,-2.3319035,1.7561078,1.828021983305613
2015-12-01,29.696165,27.821484,-1.8746815,1.8445528,1.7887782454490662
2016-01-01,29.356125,28.250114,-1.1060104,1.9279857,1.6037850280602772
2016-02-01,29.190878,28.239578,-0.95129967,1.1505487,1.2325086891651154
2016-03-01,29.385008,28.555801,-0.82920647,0.7920655,0.7355008522669473
2016-04-01,29.508663,28.091177,-1.4174862,0.18320322,0.2558372318744659
2016-05-01,29.696745,27.19163,-2.5051155,-0.2714932,-0.12495713432629907
2016-06-01,29.59705,26.459717,-3.137333,-0.3750317,-0.3986818790435791
2016-07-01,29.30977,25.301247,-4.008524,-0.63009286,-0.5525314410527548
2016-08-01,29.12478,24.565168,-4.5596123,-0.76250076,-0.5991521676381428
2016-09-01,29.17691,24.720135,-4.4567757,-0.42591524,-0.5819910566012064
2016-10-01,29.16797,24.46127,-4.7067013,-0.59676695,-0.5580767194430033
2016-11-01,29.215612,24.555265,-4.660347,-0.5723357,-0.5343977808952332
2016-12-01,29.049355,24.777521,-4.2718334,-0.5525992,-0.42190478245417273
2017-01-01,28.924227,25.640814,-3.283413,-0.24941683,-0.20022409160931898
2017-02-01,28.740442,26.848158,-1.8922844,0.20956397,0.022507697343826315
2017-03-01,28.886206,27.461353,-1.4248524,0.1964196,0.1321025292078654
2017-04-01,29.20429,27.747028,-1.457262,0.14342737,0.0985766549905141
2017-05-01,29.487309,27.243681,-2.2436275,-0.010005236,-0.012158602476120006
2017-06-01,29.35657,26.434671,-2.921898,-0.15959668,-0.1658807595570882
2017-07-01,29.216228,25.584003,-3.632225,-0.25379395,-0.3856163422266642
2017-08-01,29.11839,24.617065,-4.5013237,-0.7042122,-0.6432497501373291
2017-09-01,29.061832,24.020184,-5.041649,-1.0107884,-0.869932194550832
2017-10-01,29.200632,24.141893,-5.0587387,-0.9488044,-1.0213106671969094
2017-11-01,29.216576,23.945375,-5.2712,-1.1831889,-1.1120726466178894
2017-12-01,29.00455,24.11095,-4.8936005,-1.1743662,-1.1372032761573792
2018-01-01,28.810232,24.54442,-4.265812,-1.2318158,-1.0760100781917572
2018-02-01,28.624372,25.767368,-2.8570042,-0.7551558,-0.9662174880504607
2018-03-01,28.85632,26.221945,-2.6343746,-1.0131027,-0.8373770316441853
2018-04-01,29.192732,26.927177,-2.2655544,-0.664865,-0.6779195964336395
2018-05-01,29.504423,26.766565,-2.7378578,-0.5042355,-0.46408864855766285
2018-06-01,29.365234,26.434528,-2.930706,-0.16840482,-0.2910246054331461
2018-07-01,29.201086,25.783445,-3.4176407,-0.039209604,-0.24839468797047934
2018-08-01,29.182518,24.86193,-4.320587,-0.52347565,-0.25269341468811035
2018-09-01,29.31403,25.039148,-4.2748814,-0.24402094,-0.16468018293380735
2018-10-01,29.643763,25.613506,-4.0302563,0.07967806,0.04924184083938601
2018-11-01,29.676521,25.959034,-3.7174873,0.37052393,0.2554441889127096
2018-12-01,29.459991,26.156914,-3.3030777,0.41615653,0.3448113799095154
2019-01-01,28.989887,26.295643,-2.6942444,0.33975172,0.32307496666908264
2019-02-01,28.852295,27.013052,-1.8392429,0.26260543,0.25901829202969867
2019-03-01,29.088545,27.578356,-1.510189,0.11108291,0.2128544251124064
2019-04-01,29.274956,27.963404,-1.311552,0.28913736,0.16830852627754211
2019-05-01,29.579136,27.460455,-2.118681,0.11494136,0.0639549394448598
2019-06-01,29.559093,26.719267,-2.8398266,-0.07752538,-0.1135531266530355
2019-07-01,29.402126,25.58547,-3.816656,-0.43822503,-0.29614579677581787
2019-08-01,29.168362,24.999428,-4.168934,-0.37182236,-0.4306236108144124
2019-09-01,29.228275,24.629667,-4.598608,-0.5677476,-0.4829740722974141
2019-10-01,29.662338,24.967653,-4.694685,-0.58475065,-0.4549590945243835
2019-11-01,29.741951,25.437185,-4.3047657,-0.21675444,-0.38841821750005084
2019-12-01,29.55971,25.445297,-4.1144123,-0.39517808,-0.33621015151341754
2020-01-01,29.368767,26.048304,-3.3204632,-0.28646708,-0.3559519549210866
2020-02-01,29.166069,26.704826,-2.4612427,-0.3593943,-0.4043720265229543
2020-03-01,29.309383,27.043028,-2.2663555,-0.64508355,-0.4266452391942342
2020-04-01,29.49695,27.671204,-1.8257465,-0.22505713,-0.46511670947074885
2020-05-01,29.483116,26.749907,-2.7332096,-0.4995873,-0.5656962891419729
2020-06-01,29.522423,25.872356,-3.6500664,-0.88776517,-0.6988138357798259
2020-07-01,29.31683,25.131943,-4.184887,-0.80645585,-0.7782419919967651
2020-08-01,29.046288,24.557657,-4.4886303,-0.6915188,-0.7964230378468831
2020-09-01,29.031963,24.125462,-4.906502,-0.87564135,-0.8108668526013691
2020-10-01,28.957544,23.990665,-4.966879,-0.85694456,-0.8078325788180033
2020-11-01,29.053135,24.189133,-4.864002,-0.77599096,-0.739027202129364
2020-12-01,28.81175,24.47272,-4.339031,-0.619797,-0.6336273153622944
2021-01-01,28.437101,24.944609,-3.4924927,-0.45849657,-0.5558225413163502
2021-02-01,28.367638,25.701857,-2.665781,-0.56393266,-0.5409648915131886
2021-03-01,28.635681,26.505705,-2.1299763,-0.5087043,-0.5787108341852824
2021-04-01,29.026987,26.71185,-2.3151379,-0.71444845,-0.5829369723796844
2021-05-01,29.26654,26.416845,-2.8496952,-0.6160729,-0.4990123609701792
2021-06-01,29.240475,26.278988,-2.9614868,-0.19918561,-0.38245320320129395
2021-07-01,29.044437,25.391756,-3.6526814,-0.27425027,-0.3333204984664917
2021-08-01,28.948252,24.743862,-4.2043896,-0.40727806,-0.38978044191996253
2021-09-01,29.014887,24.516645,-4.4982414,-0.467381,-0.5049848755200703
2021-10-01,29.089766,24.355658,-4.734108,-0.62417364,-0.6465840538342794
2021-11-01,29.110598,24.200897,-4.9097004,-0.8216891,-0.8013337651888529
2021-12-01,28.852343,24.145283,-4.70706,-0.98782563,-0.9285572965939839
2022-01-01,28.865875,24.80601,-4.059866,-1.0258698,-0.960294097661972
2022-02-01,28.689756,25.563374,-3.1263828,-1.0245345,-0.8790971140066782
2022-03-01,28.656124,26.473572,-2.1825523,-0.56128037,-0.7676777442296345
2022-04-01,28.806377,26.503937,-2.3024406,-0.70175123,-0.7011728783448536
2022-05-01,29.008121,26.012215,-2.9959068,-0.7622845,-0.6513031820456187
2022-06-01,29.007555,25.633413,-3.3741417,-0.6118405,-0.5479789574940999
2022-07-01,28.803581,25.160706,-3.6428757,-0.2644446,-0.44484078884124756
2022-08-01,28.598362,24.454803,-4.1435585,-0.346447,-0.45989473660786945
2022-09-01,28.72992,24.055895,-4.6740246,-0.64316416,-0.5794258316357931
2022-10-01,28.8444,23.936184,-4.9082165,-0.79828215,-0.6915846069653828
2022-11-01,29.107895,24.338062,-4.7698326,-0.68182135,-0.7183084686597188
2022-12-01,28.922752,24.419035,-4.5037174,-0.7844832,-0.652748167514801
2023-01-01,28.647509,25.112556,-3.5349522,-0.50095606,-0.49380827943483985
2023-02-01,28.451138,26.000858,-2.4502792,-0.34843087,-0.22845662633577976
2023-03-01,28.860214,27.39763,-1.4625835,0.15868843,0.0912043650945028
2023-04-01,29.29927,28.162111,-1.1371593,0.46353006,0.4024323920408885
2023-05-01,29.502245,27.88398,-1.6182652,0.61535716,0.6814024746417999
2023-06-01,29.521109,27.76017,-1.7609386,1.0013626,0.9309249718983967
2023-07-01,29.486853,27.270456,-2.2163963,1.1620347,1.132335623105367
2023-08-01,29.4701,27.042933,-2.427168,1.3699436,1.230485995610555
2023-09-01,29.605757,26.78551,-2.8202477,1.2106128,1.2462073763211567
2023-10-01,29.75605,26.812868,-2.943182,1.1667523,1.2310932278633118
2023-11-01,29.905567,27.15747,-2.7480965,1.3399148,
2023-12-01,29.689522,27.05487,-2.6346512,1.084583,
