day_of_year,month,day,west_clim_sst,east_clim_sst,clim_raw_contrast,baseline,source
1,1,1,28.896084021088768,25.47944879179818,-3.4166352292905877,1981-2010,cached NOAA/PSL sst.day.1981-2010.ltm.nc
2,1,2,28.888288145044054,25.495779419610646,-3.3925087254334088,1981-2010,cached NOAA/PSL sst.day.1981-2010.ltm.nc
3,1,3,28.880565222974436,25.512162844896313,-3.368402378078123,1981-2010,cached NOAA/PSL sst.day.1981-2010.ltm.nc
4,1,4,28.872805661474853,25.528493311158996,-3.3443123503158567,1981-2010,cached NOAA/PSL sst.day.1981-2010.ltm.nc
5,1,5,28.865119066424967,25.545141087291352,-3.319977979133615,1981-2010,cached NOAA/PSL sst.day.1981-2010.ltm.nc
6,1,6,28.85758930295102,25.561365915945686,-3.296223387005334,1981-2010,cached NOAA/PSL sst.day.1981-2010.ltm.nc
7,1,7,28.849805897348343,25.577974116230425,-3.2718317811179176,1981-2010,cached NOAA/PSL sst.day.1981-2010.ltm.nc
8,1,8,28.842070781478636,25.594185894590577,-3.247884886888059,1981-2010,cached NOAA/PSL sst.day.1981-2010.ltm.nc
9,1,9,28.83446850972605,25.610674937776132,-3.223793571949919,1981-2010,cached NOAA/PSL sst.day.1981-2010.ltm.nc
10,1,10,28.826672866655283,25.626952563913928,-3.1997203027413548,1981-2010,cached NOAA/PSL sst.day.1981-2010.ltm.nc
11,1,11,28.819010271520895,25.643468196573085,-3.17554207494781,1981-2010,cached NOAA/PSL sst.day.1981-2010.ltm.nc
12,1,12,28.811408263210797,25.65979871418174,-3.1516095490290574,1981-2010,cached NOAA/PSL sst.day.1981-2010.ltm.nc
13,1,13,28.803697162060455,25.67624824341945,-3.1274489186410044,1981-2010,cached NOAA/PSL sst.day.1981-2010.ltm.nc
14,1,14,28.795877206196508,25.692671280275686,-3.103205925920822,1981-2010,cached NOAA/PSL sst.day.1981-2010.ltm.nc
15,1,15,28.788335742194285,25.708962399735753,-3.0793733424585312,1981-2010,cached NOAA/PSL sst.day.1981-2010.ltm.nc
16,1,16,28.780648873125283,25.725477808885227,-3.0551710642400565,1981-2010,cached NOAA/PSL sst.day.1981-2010.ltm.nc
17,1,17,28.774304296306514,25.749760866657205,-3.0245434296493094,1981-2010,cached NOAA/PSL sst.day.1981-2010.ltm.nc
18,1,18,28.76803184072238,25.77388525344511,-2.994146587277271,1981-2010,cached NOAA/PSL sst.day.1981-2010.ltm.nc
19,1,19,28.761880718741565,25.798247514761236,-2.9636332039803293,1981-2010,cached NOAA/PSL sst.day.1981-2010.ltm.nc
20,1,20,28.755426868366097,25.822411680798226,-2.9330151875678716,1981-2010,cached NOAA/PSL sst.day.1981-2010.ltm.nc
21,1,21,28.748997442791442,25.846575912706598,-2.902421530084844,1981-2010,cached NOAA/PSL sst.day.1981-2010.ltm.nc
22,1,22,28.7429554528779,25.871083691189234,-2.8718717616886664,1981-2010,cached NOAA/PSL sst.day.1981-2010.ltm.nc
23,1,23,28.736465110710846,25.895115493655833,-2.8413496170550125,1981-2010,cached NOAA/PSL sst.day.1981-2010.ltm.nc
24,1,24,28.730192776124035,25.919332356399934,-2.8108604197241007,1981-2010,cached NOAA/PSL sst.day.1981-2010.ltm.nc
25,1,25,28.723944747248822,25.943708104598713,-2.7802366426501095,1981-2010,cached NOAA/PSL sst.day.1981-2010.ltm.nc
26,1,26,28.71737023539928,25.968004285241253,-2.749365950158026,1981-2010,cached NOAA/PSL sst.day.1981-2010.ltm.nc
27,1,27,28.711291731566508,25.99208897777277,-2.7192027537937378,1981-2010,cached NOAA/PSL sst.day.1981-2010.ltm.nc
28,1,28,28.705140480434707,26.01622686694836,-2.6889136134863456,1981-2010,cached NOAA/PSL sst.day.1981-2010.ltm.nc
29,1,29,28.698614156798875,26.040298595181522,-2.6583155616173535,1981-2010,cached NOAA/PSL sst.day.1981-2010.ltm.nc
30,1,30,28.692450953169242,26.064819428472617,-2.627631524696625,1981-2010,cached NOAA/PSL sst.day.1981-2010.ltm.nc
31,1,31,28.686239325191725,26.08912869711593,-2.597110628075793,1981-2010,cached NOAA/PSL sst.day.1981-2010.ltm.nc
32,2,1,28.67965203651592,26.113372117612553,-2.566279918903369,1981-2010,cached NOAA/PSL sst.day.1981-2010.ltm.nc
33,2,2,28.673525398926774,26.137615761192126,-2.5359096377346475,1981-2010,cached NOAA/PSL sst.day.1981-2010.ltm.nc
34,2,3,28.667168382948976,26.161621235404375,-2.5055471475446005,1981-2010,cached NOAA/PSL sst.day.1981-2010.ltm.nc
35,2,4,28.660641872879598,26.18597037506539,-2.4746714978142066,1981-2010,cached NOAA/PSL sst.day.1981-2010.ltm.nc
36,2,5,28.654490849622896,26.210173995136156,-2.4443168544867397,1981-2010,cached NOAA/PSL sst.day.1981-2010.ltm.nc
37,2,6,28.6483759495625,26.23439109838994,-2.413984851172561,1981-2010,cached NOAA/PSL sst.day.1981-2010.ltm.nc
38,2,7,28.64198285705306,26.25866094479626,-2.383321912256797,1981-2010,cached NOAA/PSL sst.day.1981-2010.ltm.nc
39,2,8,28.635419893579744,26.283208187286004,-2.3522117062937404,1981-2010,cached NOAA/PSL sst.day.1981-2010.ltm.nc
40,2,9,28.629547356134815,26.30714789744665,-2.3223994586881638,1981-2010,cached NOAA/PSL sst.day.1981-2010.ltm.nc
41,2,10,28.622911982124442,26.331483399815788,-2.2914285823086544,1981-2010,cached NOAA/PSL sst.day.1981-2010.ltm.nc
42,2,11,28.616736737554234,26.35568741647122,-2.2610493210830143,1981-2010,cached NOAA/PSL sst.day.1981-2010.ltm.nc
43,2,12,28.610416141372628,26.37991760089484,-2.2304985404777895,1981-2010,cached NOAA/PSL sst.day.1981-2010.ltm.nc
44,2,13,28.60401074349171,26.404319758845283,-2.199690984646427,1981-2010,cached NOAA/PSL sst.day.1981-2010.ltm.nc
45,2,14,28.59766603565649,26.42835157293208,-2.1693144627244116,1981-2010,cached NOAA/PSL sst.day.1981-2010.ltm.nc
46,2,15,28.59639393299629,26.45168151305,-2.1447124199462877,1981-2010,cached NOAA/PSL sst.day.1981-2010.ltm.nc
47,2,16,28.599613674111406,26.47408488965635,-2.1255287844550566,1981-2010,cached NOAA/PSL sst.day.1981-2010.ltm.nc
48,2,17,28.603099595804085,26.496461859533053,-2.1066377362710327,1981-2010,cached NOAA/PSL sst.day.1981-2010.ltm.nc
49,2,18,28.606101553221908,26.51875957600932,-2.0873419772125885,1981-2010,cached NOAA/PSL sst.day.1981-2010.ltm.nc
50,2,19,28.609684543685688,26.54138726348676,-2.0682972801989266,1981-2010,cached NOAA/PSL sst.day.1981-2010.ltm.nc
51,2,20,28.613121910846885,26.563658624512136,-2.049463286334749,1981-2010,cached NOAA/PSL sst.day.1981-2010.ltm.nc
52,2,21,28.61639010315486,26.586194232273165,-2.0301958708816947,1981-2010,cached NOAA/PSL sst.day.1981-2010.ltm.nc
53,2,22,28.619839987014107,26.60858431389105,-2.011255673123056,1981-2010,cached NOAA/PSL sst.day.1981-2010.ltm.nc
54,2,23,28.62309589288019,26.63082914937267,-1.9922667435075212,1981-2010,cached NOAA/PSL sst.day.1981-2010.ltm.nc
55,2,24,28.62635210641612,26.653206236517228,-1.973145869898893,1981-2010,cached NOAA/PSL sst.day.1981-2010.ltm.nc
56,2,25,28.62988660418229,26.675741661526196,-1.954144942656093,1981-2010,cached NOAA/PSL sst.day.1981-2010.ltm.nc
57,2,26,28.63302138079859,26.698237200475557,-1.9347841803230317,1981-2010,cached NOAA/PSL sst.day.1981-2010.ltm.nc
58,2,27,28.636495213372818,26.720284048749974,-1.916211164622844,1981-2010,cached NOAA/PSL sst.day.1981-2010.ltm.nc
59,2,28,28.639787626660215,26.742898827954654,-1.896888798705561,1981-2010,cached NOAA/PSL sst.day.1981-2010.ltm.nc
60,3,1,28.64300744627009,26.765223191194742,-1.8777842550753476,1981-2010,cached NOAA/PSL sst.day.1981-2010.ltm.nc
61,3,2,28.646360294542447,26.787599883250564,-1.8587604112918825,1981-2010,cached NOAA/PSL sst.day.1981-2010.ltm.nc
62,3,3,28.64964051548364,26.810148609766586,-1.839491905717054,1981-2010,cached NOAA/PSL sst.day.1981-2010.ltm.nc
63,3,4,28.65296907908093,26.832300903333405,-1.8206681757475245,1981-2010,cached NOAA/PSL sst.day.1981-2010.ltm.nc
64,3,5,28.656467512770494,26.854625124171644,-1.8018423885988497,1981-2010,cached NOAA/PSL sst.day.1981-2010.ltm.nc
65,3,6,28.65984440065405,26.87709443456856,-1.7827499660854897,1981-2010,cached NOAA/PSL sst.day.1981-2010.ltm.nc
66,3,7,28.66305209484766,26.899630029182124,-1.7634220656655373,1981-2010,cached NOAA/PSL sst.day.1981-2010.ltm.nc
67,3,8,28.666622862495508,26.921927666642855,-1.7446951958526533,1981-2010,cached NOAA/PSL sst.day.1981-2010.ltm.nc
68,3,9,28.66984264749276,26.944489648388274,-1.7253529991044871,1981-2010,cached NOAA/PSL sst.day.1981-2010.ltm.nc
69,3,10,28.67320749755461,26.966959251323765,-1.706248246230846,1981-2010,cached NOAA/PSL sst.day.1981-2010.ltm.nc
70,3,11,28.676633274862702,26.989283096583158,-1.6873501782795444,1981-2010,cached NOAA/PSL sst.day.1981-2010.ltm.nc
71,3,12,28.679913495289323,27.011673267808558,-1.6682402274807657,1981-2010,cached NOAA/PSL sst.day.1981-2010.ltm.nc
72,3,13,28.683024033856128,27.03397112977996,-1.649052904076168,1981-2010,cached NOAA/PSL sst.day.1981-2010.ltm.nc
73,3,14,28.686449543154353,27.056347903833466,-1.6301016393208876,1981-2010,cached NOAA/PSL sst.day.1981-2010.ltm.nc
74,3,15,28.6897056912146,27.07893593642201,-1.6107697547925888,1981-2010,cached NOAA/PSL sst.day.1981-2010.ltm.nc
75,3,16,28.693264355999982,27.101352918175582,-1.5919114378244004,1981-2010,cached NOAA/PSL sst.day.1981-2010.ltm.nc
76,3,17,28.702768825303394,27.10957974501493,-1.5931890802884645,1981-2010,cached NOAA/PSL sst.day.1981-2010.ltm.nc
77,3,18,28.712842329004292,27.118018400682814,-1.5948239283214782,1981-2010,cached NOAA/PSL sst.day.1981-2010.ltm.nc
78,3,19,28.722540524928775,27.126377261345226,-1.5961632635835485,1981-2010,cached NOAA/PSL sst.day.1981-2010.ltm.nc
79,3,20,28.732408044184556,27.134313819790087,-1.598094224394469,1981-2010,cached NOAA/PSL sst.day.1981-2010.ltm.nc
80,3,21,28.742215250709208,27.14276533909041,-1.5994499116187981,1981-2010,cached NOAA/PSL sst.day.1981-2010.ltm.nc
81,3,22,28.751949633006546,27.151283157215545,-1.6006664757910016,1981-2010,cached NOAA/PSL sst.day.1981-2010.ltm.nc
82,3,23,28.76169633718674,27.159311997939195,-1.6023843392475463,1981-2010,cached NOAA/PSL sst.day.1981-2010.ltm.nc
83,3,24,28.771624425675824,27.16763142554298,-1.6039930001328457,1981-2010,cached NOAA/PSL sst.day.1981-2010.ltm.nc
84,3,25,28.781697958513018,27.176096145751956,-1.605601812761062,1981-2010,cached NOAA/PSL sst.day.1981-2010.ltm.nc
85,3,26,28.791190265951357,27.184191089322894,-1.606999176628463,1981-2010,cached NOAA/PSL sst.day.1981-2010.ltm.nc
86,3,27,28.80104575331735,27.19252372239412,-1.608522030923229,1981-2010,cached NOAA/PSL sst.day.1981-2010.ltm.nc
87,3,28,28.810901214463904,27.20090925302826,-1.609991961435643,1981-2010,cached NOAA/PSL sst.day.1981-2010.ltm.nc
88,3,29,28.820623687184693,27.209373995333888,-1.611249691850805,1981-2010,cached NOAA/PSL sst.day.1981-2010.ltm.nc
89,3,30,28.830503324532753,27.217403149657933,-1.6131001748748197,1981-2010,cached NOAA/PSL sst.day.1981-2010.ltm.nc
90,3,31,28.840298701820224,27.22590763246669,-1.614391069353534,1981-2010,cached NOAA/PSL sst.day.1981-2010.ltm.nc
91,4,1,28.850141982173234,27.234081634275302,-1.6160603478979318,1981-2010,cached NOAA/PSL sst.day.1981-2010.ltm.nc
92,4,2,28.8598645189601,27.242467074214954,-1.6173974447451478,1981-2010,cached NOAA/PSL sst.day.1981-2010.ltm.nc
93,4,3,28.869538268717434,27.25080017445783,-1.618738094259605,1981-2010,cached NOAA/PSL sst.day.1981-2010.ltm.nc
94,4,4,28.879430109565558,27.25914585078229,-1.6202842587832684,1981-2010,cached NOAA/PSL sst.day.1981-2010.ltm.nc
95,4,5,28.889455028750554,27.267465167677578,-1.6219898610729757,1981-2010,cached NOAA/PSL sst.day.1981-2010.ltm.nc
96,4,6,28.899153314126472,27.275811077665956,-1.6233422364605161,1981-2010,cached NOAA/PSL sst.day.1981-2010.ltm.nc
97,4,7,28.909045436863888,27.284091078927798,-1.6249543579360903,1981-2010,cached NOAA/PSL sst.day.1981-2010.ltm.nc
98,4,8,28.918646495146906,27.29238418240068,-1.6262623127462241,1981-2010,cached NOAA/PSL sst.day.1981-2010.ltm.nc
99,4,9,28.928768292254357,27.300399641565495,-1.6283686506888628,1981-2010,cached NOAA/PSL sst.day.1981-2010.ltm.nc
100,4,10,28.938406114519164,27.309076029979998,-1.6293300845391663,1981-2010,cached NOAA/PSL sst.day.1981-2010.ltm.nc
101,4,11,28.948273664669532,27.317369337856324,-1.6309043268132086,1981-2010,cached NOAA/PSL sst.day.1981-2010.ltm.nc
102,4,12,28.958104916465018,27.325583142567925,-1.6325217738970927,1981-2010,cached NOAA/PSL sst.day.1981-2010.ltm.nc
103,4,13,28.96781522538008,27.333849632420208,-1.6339655929598713,1981-2010,cached NOAA/PSL sst.day.1981-2010.ltm.nc
104,4,14,28.977779812493555,27.342195609842577,-1.6355842026509784,1981-2010,cached NOAA/PSL sst.day.1981-2010.ltm.nc
105,4,15,28.987429371823996,27.350382767037367,-1.6370466047866294,1981-2010,cached NOAA/PSL sst.day.1981-2010.ltm.nc
106,4,16,28.995517703077695,27.34829289568325,-1.6472248073944442,1981-2010,cached NOAA/PSL sst.day.1981-2010.ltm.nc
107,4,17,29.002008176210378,27.334882043999833,-1.6671261322105444,1981-2010,cached NOAA/PSL sst.day.1981-2010.ltm.nc
108,4,18,29.008583153997364,27.32189393027609,-1.6866892237212738,1981-2010,cached NOAA/PSL sst.day.1981-2010.ltm.nc
109,4,19,29.015231112443047,27.30868112364713,-1.706549988795917,1981-2010,cached NOAA/PSL sst.day.1981-2010.ltm.nc
110,4,20,29.02189101639185,27.29538924030895,-1.7265017760829018,1981-2010,cached NOAA/PSL sst.day.1981-2010.ltm.nc
111,4,21,29.028236119083893,27.282361308684433,-1.7458748103994601,1981-2010,cached NOAA/PSL sst.day.1981-2010.ltm.nc
112,4,22,29.035028971921694,27.269320196723566,-1.765708775198128,1981-2010,cached NOAA/PSL sst.day.1981-2010.ltm.nc
113,4,23,29.041168236405387,27.256134000751743,-1.7850342356536437,1981-2010,cached NOAA/PSL sst.day.1981-2010.ltm.nc
114,4,24,29.04780414640994,27.242947770052368,-1.8048563763575736,1981-2010,cached NOAA/PSL sst.day.1981-2010.ltm.nc
115,4,25,29.054403459514823,27.229761298652416,-1.8246421608624068,1981-2010,cached NOAA/PSL sst.day.1981-2010.ltm.nc
116,4,26,29.060966223184167,27.216390184411242,-1.8445760387729244,1981-2010,cached NOAA/PSL sst.day.1981-2010.ltm.nc
117,4,27,29.067650544694043,27.20348119284376,-1.8641693518502827,1981-2010,cached NOAA/PSL sst.day.1981-2010.ltm.nc
118,4,28,29.07415325401677,27.190334559718927,-1.8838186942978439,1981-2010,cached NOAA/PSL sst.day.1981-2010.ltm.nc
119,4,29,29.08049810062143,27.17716132243607,-1.9033367781853592,1981-2010,cached NOAA/PSL sst.day.1981-2010.ltm.nc
120,4,30,29.087012737974906,27.164014819665347,-1.9229979183095587,1981-2010,cached NOAA/PSL sst.day.1981-2010.ltm.nc
121,5,1,29.093830139779275,27.150907592708307,-1.9429225470709675,1981-2010,cached NOAA/PSL sst.day.1981-2010.ltm.nc
122,5,2,29.10018741174079,27.137562928045938,-1.962624483694853,1981-2010,cached NOAA/PSL sst.day.1981-2010.ltm.nc
123,5,3,29.106919997030992,27.12457481892242,-1.9823451781085737,1981-2010,cached NOAA/PSL sst.day.1981-2010.ltm.nc
124,5,4,29.113264613008102,27.11149392722698,-2.0017706857811213,1981-2010,cached NOAA/PSL sst.day.1981-2010.ltm.nc
125,5,5,29.11975544367984,27.098413401571054,-2.0213420421087847,1981-2010,cached NOAA/PSL sst.day.1981-2010.ltm.nc
126,5,6,29.126293987353606,27.08490987347346,-2.041384113880145,1981-2010,cached NOAA/PSL sst.day.1981-2010.ltm.nc
127,5,7,29.132711980282824,27.071776417039782,-2.060935563243042,1981-2010,cached NOAA/PSL sst.day.1981-2010.ltm.nc
128,5,8,29.139359865817042,27.058656078832016,-2.0807037869850262,1981-2010,cached NOAA/PSL sst.day.1981-2010.ltm.nc
129,5,9,29.145523297245077,27.045668074420615,-2.0998552228244627,1981-2010,cached NOAA/PSL sst.day.1981-2010.ltm.nc
130,5,10,29.152449358223905,27.03231003130254,-2.1201393269213646,1981-2010,cached NOAA/PSL sst.day.1981-2010.ltm.nc
131,5,11,29.15885510624944,27.01930861845453,-2.1395464877949095,1981-2010,cached NOAA/PSL sst.day.1981-2010.ltm.nc
132,5,12,29.165454607024962,27.006148621380337,-2.1593059856446253,1981-2010,cached NOAA/PSL sst.day.1981-2010.ltm.nc
133,5,13,29.172114470468784,26.99305503277324,-2.179059437695546,1981-2010,cached NOAA/PSL sst.day.1981-2010.ltm.nc
134,5,14,29.178471497916355,26.979934668397185,-2.1985368295191705,1981-2010,cached NOAA/PSL sst.day.1981-2010.ltm.nc
135,5,15,29.18492570760601,26.966814364963735,-2.218111342642274,1981-2010,cached NOAA/PSL sst.day.1981-2010.ltm.nc
136,5,16,29.191706631522177,26.953588303611305,-2.238118327910872,1981-2010,cached NOAA/PSL sst.day.1981-2010.ltm.nc
137,5,17,29.18979507780495,26.93313898253276,-2.256656095272188,1981-2010,cached NOAA/PSL sst.day.1981-2010.ltm.nc
138,5,18,29.187605440070094,26.9129272512724,-2.2746781887976937,1981-2010,cached NOAA/PSL sst.day.1981-2010.ltm.nc
139,5,19,29.185948055294276,26.89257064530186,-2.2933774099924165,1981-2010,cached NOAA/PSL sst.day.1981-2010.ltm.nc
140,5,20,29.183867215100452,26.872081551559287,-2.3117856635411655,1981-2010,cached NOAA/PSL sst.day.1981-2010.ltm.nc
141,5,21,29.181919646182074,26.851922729366063,-2.329996916816011,1981-2010,cached NOAA/PSL sst.day.1981-2010.ltm.nc
142,5,22,29.18005635215529,26.831433673933894,-2.348622678221396,1981-2010,cached NOAA/PSL sst.day.1981-2010.ltm.nc
143,5,23,29.178011829837544,26.811023980014657,-2.3669878498228876,1981-2010,cached NOAA/PSL sst.day.1981-2010.ltm.nc
144,5,24,29.17612453583125,26.79070679597739,-2.3854177398538603,1981-2010,cached NOAA/PSL sst.day.1981-2010.ltm.nc
145,5,25,29.174164759771877,26.770349688614345,-2.4038150711575312,1981-2010,cached NOAA/PSL sst.day.1981-2010.ltm.nc
146,5,26,29.17230181270286,26.749953526417315,-2.422348286285544,1981-2010,cached NOAA/PSL sst.day.1981-2010.ltm.nc
147,5,27,29.17052354874705,26.729728564055705,-2.440794984691344,1981-2010,cached NOAA/PSL sst.day.1981-2010.ltm.nc
148,5,28,29.168503193362827,26.709067861666814,-2.459435331696014,1981-2010,cached NOAA/PSL sst.day.1981-2010.ltm.nc
149,5,29,29.166470709679057,26.688842839913566,-2.4776278697654917,1981-2010,cached NOAA/PSL sst.day.1981-2010.ltm.nc
150,5,30,29.16445036902011,26.668499280316727,-2.4959510887033822,1981-2010,cached NOAA/PSL sst.day.1981-2010.ltm.nc
151,5,31,29.162550848548285,26.648182179727396,-2.5143686688208895,1981-2010,cached NOAA/PSL sst.day.1981-2010.ltm.nc
152,6,1,29.16065157847617,26.627587491759815,-2.5330640867163545,1981-2010,cached NOAA/PSL sst.day.1981-2010.ltm.nc
153,6,2,29.158655224482928,26.607494488641635,-2.551160735841293,1981-2010,cached NOAA/PSL sst.day.1981-2010.ltm.nc
154,6,3,29.156792337796215,26.58708476969818,-2.5697075680980355,1981-2010,cached NOAA/PSL sst.day.1981-2010.ltm.nc
155,6,4,29.154856907767062,26.566794022010125,-2.588062885756937,1981-2010,cached NOAA/PSL sst.day.1981-2010.ltm.nc
156,6,5,29.15301790294553,26.54646365663498,-2.606554246310548,1981-2010,cached NOAA/PSL sst.day.1981-2010.ltm.nc
157,6,6,29.15110644334115,26.526040551580863,-2.6250658917602863,1981-2010,cached NOAA/PSL sst.day.1981-2010.ltm.nc
158,6,7,29.149074050601072,26.50559135035638,-2.643482700244693,1981-2010,cached NOAA/PSL sst.day.1981-2010.ltm.nc
159,6,8,29.147114208549443,26.48524766679606,-2.6618665417533833,1981-2010,cached NOAA/PSL sst.day.1981-2010.ltm.nc
160,6,9,29.145287334776434,26.464851056038896,-2.680436278737538,1981-2010,cached NOAA/PSL sst.day.1981-2010.ltm.nc
161,6,10,29.14343664045852,26.444547080910684,-2.698889559547837,1981-2010,cached NOAA/PSL sst.day.1981-2010.ltm.nc
162,6,11,29.14117410318168,26.424242905818705,-2.7169311973629746,1981-2010,cached NOAA/PSL sst.day.1981-2010.ltm.nc
163,6,12,29.139468283431622,26.403965564941053,-2.7355027184905687,1981-2010,cached NOAA/PSL sst.day.1981-2010.ltm.nc
164,6,13,29.13746011714673,26.383331038756882,-2.754129078389848,1981-2010,cached NOAA/PSL sst.day.1981-2010.ltm.nc
165,6,14,29.135645585177986,26.363013914023202,-2.772631671154784,1981-2010,cached NOAA/PSL sst.day.1981-2010.ltm.nc
166,6,15,29.133746340548562,26.342722947866946,-2.791023392681616,1981-2010,cached NOAA/PSL sst.day.1981-2010.ltm.nc
167,6,16,29.129970034593917,26.320317891399956,-2.8096521431939614,1981-2010,cached NOAA/PSL sst.day.1981-2010.ltm.nc
168,6,17,29.1244501876759,26.295587025384453,-2.828863162291448,1981-2010,cached NOAA/PSL sst.day.1981-2010.ltm.nc
169,6,18,29.11907554890722,26.27110736130009,-2.8479681876071297,1981-2010,cached NOAA/PSL sst.day.1981-2010.ltm.nc
170,6,19,29.11341050774195,26.246310626904272,-2.867099880837678,1981-2010,cached NOAA/PSL sst.day.1981-2010.ltm.nc
171,6,20,29.107987324643993,26.22159284602418,-2.8863944786198132,1981-2010,cached NOAA/PSL sst.day.1981-2010.ltm.nc
172,6,21,29.102503655298506,26.197179384480464,-2.905324270818042,1981-2010,cached NOAA/PSL sst.day.1981-2010.ltm.nc
173,6,22,29.097105183962395,26.17225027205986,-2.9248549119025355,1981-2010,cached NOAA/PSL sst.day.1981-2010.ltm.nc
174,6,23,29.09162162488501,26.147585417856273,-2.944036207028738,1981-2010,cached NOAA/PSL sst.day.1981-2010.ltm.nc
175,6,24,29.086041160342283,26.123000110670954,-2.963041049671329,1981-2010,cached NOAA/PSL sst.day.1981-2010.ltm.nc
176,6,25,29.08047266854343,26.098348452786297,-2.982124215757132,1981-2010,cached NOAA/PSL sst.day.1981-2010.ltm.nc
177,6,26,29.074868306869305,26.073763168690203,-3.0011051381791027,1981-2010,cached NOAA/PSL sst.day.1981-2010.ltm.nc
178,6,27,29.069602491893274,26.04913795841755,-3.0204645334757245,1981-2010,cached NOAA/PSL sst.day.1981-2010.ltm.nc
179,6,28,29.064130873737085,26.02457894261132,-3.0395519311257644,1981-2010,cached NOAA/PSL sst.day.1981-2010.ltm.nc
180,6,29,29.058611322623126,25.99975571949607,-3.058855603127057,1981-2010,cached NOAA/PSL sst.day.1981-2010.ltm.nc
181,6,30,29.053115582263146,25.975183587956778,-3.0779319943063683,1981-2010,cached NOAA/PSL sst.day.1981-2010.ltm.nc
182,7,1,29.047547151363116,25.950518766024082,-3.0970283853390335,1981-2010,cached NOAA/PSL sst.day.1981-2010.ltm.nc
183,7,2,29.042160461781513,25.925682363564853,-3.1164780982166604,1981-2010,cached NOAA/PSL sst.day.1981-2010.ltm.nc
184,7,3,29.036567982515425,25.90112308056532,-3.1354449019501054,1981-2010,cached NOAA/PSL sst.day.1981-2010.ltm.nc
185,7,4,29.03108443454046,25.876590617043018,-3.1544938174974426,1981-2010,cached NOAA/PSL sst.day.1981-2010.ltm.nc
186,7,5,29.025818751009844,25.85195245750051,-3.1738662935093345,1981-2010,cached NOAA/PSL sst.day.1981-2010.ltm.nc
187,7,6,29.01999636657015,25.827287639126535,-3.192708727443616,1981-2010,cached NOAA/PSL sst.day.1981-2010.ltm.nc
188,7,7,29.0147913140575,25.802490922806893,-3.212300391250608,1981-2010,cached NOAA/PSL sst.day.1981-2010.ltm.nc
189,7,8,29.009186702821943,25.77783945021836,-3.231347252603584,1981-2010,cached NOAA/PSL sst.day.1981-2010.ltm.nc
190,7,9,29.003678960229998,25.753240675362758,-3.25043828486724,1981-2010,cached NOAA/PSL sst.day.1981-2010.ltm.nc
191,7,10,28.998389205624207,25.728615559689025,-3.2697736459351816,1981-2010,cached NOAA/PSL sst.day.1981-2010.ltm.nc
192,7,11,28.992505852553887,25.70377955248614,-3.288726300067747,1981-2010,cached NOAA/PSL sst.day.1981-2010.ltm.nc
193,7,12,28.98732505471875,25.679193750390084,-3.308131304328665,1981-2010,cached NOAA/PSL sst.day.1981-2010.ltm.nc
194,7,13,28.981660145563858,25.65455579778066,-3.327104347783198,1981-2010,cached NOAA/PSL sst.day.1981-2010.ltm.nc
195,7,14,28.97616428893609,25.63000970205814,-3.346154586877951,1981-2010,cached NOAA/PSL sst.day.1981-2010.ltm.nc
196,7,15,28.970680563322134,25.605384620561782,-3.3652959427603513,1981-2010,cached NOAA/PSL sst.day.1981-2010.ltm.nc
197,7,16,28.965318330450796,25.580442512168773,-3.3848758182820227,1981-2010,cached NOAA/PSL sst.day.1981-2010.ltm.nc
198,7,17,28.960705384180663,25.56192088824515,-3.3987844959355122,1981-2010,cached NOAA/PSL sst.day.1981-2010.ltm.nc
199,7,18,28.956273382553185,25.542857837439147,-3.413415545114038,1981-2010,cached NOAA/PSL sst.day.1981-2010.ltm.nc
200,7,19,28.95198737646473,25.524138108702243,-3.427849267762486,1981-2010,cached NOAA/PSL sst.day.1981-2010.ltm.nc
201,7,20,28.947543843485786,25.505061923013272,-3.4424819204725132,1981-2010,cached NOAA/PSL sst.day.1981-2010.ltm.nc
202,7,21,28.94293068958075,25.486395127531598,-3.456535562049151,1981-2010,cached NOAA/PSL sst.day.1981-2010.ltm.nc
203,7,22,28.938571785797755,25.46739810057926,-3.4711736852184956,1981-2010,cached NOAA/PSL sst.day.1981-2010.ltm.nc
204,7,23,28.934031170653878,25.44853318709367,-3.485497983560208,1981-2010,cached NOAA/PSL sst.day.1981-2010.ltm.nc
205,7,24,28.929599751636047,25.429509653796497,-3.50009009783955,1981-2010,cached NOAA/PSL sst.day.1981-2010.ltm.nc
206,7,25,28.92514382099086,25.41093537399104,-3.5142084469998203,1981-2010,cached NOAA/PSL sst.day.1981-2010.ltm.nc
207,7,26,28.92083355430695,25.391845913924133,-3.528987640382816,1981-2010,cached NOAA/PSL sst.day.1981-2010.ltm.nc
208,7,27,28.916183923385386,25.373139445939696,-3.54304447744569,1981-2010,cached NOAA/PSL sst.day.1981-2010.ltm.nc
209,7,28,28.91177657174709,25.354208510932356,-3.5575680608147344,1981-2010,cached NOAA/PSL sst.day.1981-2010.ltm.nc
210,7,29,28.907103014685894,25.33531707078073,-3.571785943905166,1981-2010,cached NOAA/PSL sst.day.1981-2010.ltm.nc
211,7,30,28.902828867903352,25.31631986520284,-3.586509002700513,1981-2010,cached NOAA/PSL sst.day.1981-2010.ltm.nc
212,7,31,28.898373148115763,25.29782489382315,-3.6005482542926117,1981-2010,cached NOAA/PSL sst.day.1981-2010.ltm.nc
213,8,1,28.8939417315093,25.278642951692227,-3.615298779817074,1981-2010,cached NOAA/PSL sst.day.1981-2010.ltm.nc
214,8,2,28.889388939686192,25.25996308428534,-3.6294258554008536,1981-2010,cached NOAA/PSL sst.day.1981-2010.ltm.nc
215,8,3,28.884945303895417,25.241031710266512,-3.6439135936289055,1981-2010,cached NOAA/PSL sst.day.1981-2010.ltm.nc
216,8,4,28.88059852327289,25.222074436511505,-3.6585240867613855,1981-2010,cached NOAA/PSL sst.day.1981-2010.ltm.nc
217,8,5,28.875961402104156,25.20314324022803,-3.672818161876126,1981-2010,cached NOAA/PSL sst.day.1981-2010.ltm.nc
218,8,6,28.87174758973447,25.18438431254736,-3.68736327718711,1981-2010,cached NOAA/PSL sst.day.1981-2010.ltm.nc
219,8,7,28.867243247628195,25.16569112388954,-3.7015521237386544,1981-2010,cached NOAA/PSL sst.day.1981-2010.ltm.nc
220,8,8,28.862751275063644,25.14644328580002,-3.7163079892636226,1981-2010,cached NOAA/PSL sst.day.1981-2010.ltm.nc
221,8,9,28.85816247922706,25.127815755104077,-3.7303467241229846,1981-2010,cached NOAA/PSL sst.day.1981-2010.ltm.nc
222,8,10,28.85379143192383,25.10880583691895,-3.7449855950048807,1981-2010,cached NOAA/PSL sst.day.1981-2010.ltm.nc
223,8,11,28.849456762949753,25.090006794254066,-3.7594499686956873,1981-2010,cached NOAA/PSL sst.day.1981-2010.ltm.nc
224,8,12,28.844686399195055,25.0713531296065,-3.773333269588555,1981-2010,cached NOAA/PSL sst.day.1981-2010.ltm.nc
225,8,13,28.840569357963552,25.05230320723013,-3.788266150733424,1981-2010,cached NOAA/PSL sst.day.1981-2010.ltm.nc
226,8,14,28.83584716387973,25.03351747968992,-3.802329684189811,1981-2010,cached NOAA/PSL sst.day.1981-2010.ltm.nc
227,8,15,28.83140353267399,25.014533857043503,-3.8168696756304854,1981-2010,cached NOAA/PSL sst.day.1981-2010.ltm.nc
228,8,16,28.826923603008847,24.995932852885023,-3.8309907501238243,1981-2010,cached NOAA/PSL sst.day.1981-2010.ltm.nc
229,8,17,28.830530268655266,24.991614495135025,-3.8389157735202417,1981-2010,cached NOAA/PSL sst.day.1981-2010.ltm.nc
230,8,18,28.83404008095634,24.98734843490161,-3.8466916460547296,1981-2010,cached NOAA/PSL sst.day.1981-2010.ltm.nc
231,8,19,28.83752578719073,24.982990008921345,-3.854535778269387,1981-2010,cached NOAA/PSL sst.day.1981-2010.ltm.nc
232,8,20,28.84099943069478,24.978763809040935,-3.862235621653845,1981-2010,cached NOAA/PSL sst.day.1981-2010.ltm.nc
233,8,21,28.844412301567328,24.974603991418963,-3.8698083101483647,1981-2010,cached NOAA/PSL sst.day.1981-2010.ltm.nc
234,8,22,28.847934272517726,24.970298533486773,-3.8776357390309535,1981-2010,cached NOAA/PSL sst.day.1981-2010.ltm.nc
235,8,23,28.851359165960634,24.966111869637857,-3.8852472963227775,1981-2010,cached NOAA/PSL sst.day.1981-2010.ltm.nc
236,8,24,28.854905244402044,24.9615684922689,-3.893336752133145,1981-2010,cached NOAA/PSL sst.day.1981-2010.ltm.nc
237,8,25,28.858512243603226,24.95747443735364,-3.9010378062495867,1981-2010,cached NOAA/PSL sst.day.1981-2010.ltm.nc
238,8,26,28.86188866328092,24.953195380180613,-3.9086932831003054,1981-2010,cached NOAA/PSL sst.day.1981-2010.ltm.nc
239,8,27,28.86548332710477,24.94895604886849,-3.9165272782362806,1981-2010,cached NOAA/PSL sst.day.1981-2010.ltm.nc
240,8,28,28.868980801259937,24.94478254155801,-3.924198259701928,1981-2010,cached NOAA/PSL sst.day.1981-2010.ltm.nc
241,8,29,28.87247856048817,24.940397937870987,-3.932080622617182,1981-2010,cached NOAA/PSL sst.day.1981-2010.ltm.nc
242,8,30,28.875915928157102,24.936171801838093,-3.9397441263190096,1981-2010,cached NOAA/PSL sst.day.1981-2010.ltm.nc
243,8,31,28.879437728900538,24.932011407371746,-3.9474263215287912,1981-2010,cached NOAA/PSL sst.day.1981-2010.ltm.nc
244,9,1,28.88299591299077,24.927587107002854,-3.955408805987915,1981-2010,cached NOAA/PSL sst.day.1981-2010.ltm.nc
245,9,2,28.8864329641817,24.92324200418433,-3.9631909599973696,1981-2010,cached NOAA/PSL sst.day.1981-2010.ltm.nc
246,9,3,28.889942767707755,24.919280137613775,-3.9706626300939796,1981-2010,cached NOAA/PSL sst.day.1981-2010.ltm.nc
247,9,4,28.893379960148753,24.914935024778828,-3.978444935369925,1981-2010,cached NOAA/PSL sst.day.1981-2010.ltm.nc
248,9,5,28.896877796921483,24.91055015530424,-3.986327641617244,1981-2010,cached NOAA/PSL sst.day.1981-2010.ltm.nc
249,9,6,28.90042358795674,24.906403370427007,-3.9940202175297337,1981-2010,cached NOAA/PSL sst.day.1981-2010.ltm.nc
250,9,7,28.903897456130426,24.902071479071257,-4.00182597705917,1981-2010,cached NOAA/PSL sst.day.1981-2010.ltm.nc
251,9,8,28.90746778229993,24.89763387008545,-4.009833912214479,1981-2010,cached NOAA/PSL sst.day.1981-2010.ltm.nc
252,9,9,28.910844422033406,24.893394503016452,-4.017449919016954,1981-2010,cached NOAA/PSL sst.day.1981-2010.ltm.nc
253,9,10,28.914245401720244,24.88944562633842,-4.0247997753818225,1981-2010,cached NOAA/PSL sst.day.1981-2010.ltm.nc
254,9,11,28.917718611573257,24.885206289407257,-4.032512322165999,1981-2010,cached NOAA/PSL sst.day.1981-2010.ltm.nc
255,9,12,28.921143725490175,24.88088754154137,-4.040256183948806,1981-2010,cached NOAA/PSL sst.day.1981-2010.ltm.nc
256,9,13,28.92482335116473,24.87658212592427,-4.04824122524046,1981-2010,cached NOAA/PSL sst.day.1981-2010.ltm.nc
257,9,14,28.928381230776917,24.87209183484947,-4.056289395927447,1981-2010,cached NOAA/PSL sst.day.1981-2010.ltm.nc
258,9,15,28.931854561022938,24.868182252659896,-4.063672308363042,1981-2010,cached NOAA/PSL sst.day.1981-2010.ltm.nc
259,9,16,28.935896811737603,24.8673780262175,-4.0685187855201015,1981-2010,cached NOAA/PSL sst.day.1981-2010.ltm.nc
260,9,17,28.940640976366307,24.87051066416488,-4.070130312201428,1981-2010,cached NOAA/PSL sst.day.1981-2010.ltm.nc
261,9,18,28.945240073698162,24.873471642046425,-4.071768431651737,1981-2010,cached NOAA/PSL sst.day.1981-2010.ltm.nc
262,9,19,28.950213975492506,24.87651185029545,-4.073702125197055,1981-2010,cached NOAA/PSL sst.day.1981-2010.ltm.nc
263,9,20,28.954643346248442,24.879604973765968,-4.075038372482474,1981-2010,cached NOAA/PSL sst.day.1981-2010.ltm.nc
264,9,21,28.959302819985673,24.88257922250434,-4.076723597481333,1981-2010,cached NOAA/PSL sst.day.1981-2010.ltm.nc
265,9,22,28.964070872534045,24.885434689720956,-4.078636182813089,1981-2010,cached NOAA/PSL sst.day.1981-2010.ltm.nc
266,9,23,28.96880279689217,24.888461364388874,-4.080341432503296,1981-2010,cached NOAA/PSL sst.day.1981-2010.ltm.nc
267,9,24,28.97342572537983,24.891501734765214,-4.081923990614616,1981-2010,cached NOAA/PSL sst.day.1981-2010.ltm.nc
268,9,25,28.978085232681124,24.89450225334121,-4.083582979339916,1981-2010,cached NOAA/PSL sst.day.1981-2010.ltm.nc
269,9,26,28.9827931829169,24.89779338918863,-4.084999793728269,1981-2010,cached NOAA/PSL sst.day.1981-2010.ltm.nc
270,9,27,28.9875853314678,24.90060906456095,-4.086976266906849,1981-2010,cached NOAA/PSL sst.day.1981-2010.ltm.nc
271,9,28,28.991954373384907,24.903609802629298,-4.088344570755609,1981-2010,cached NOAA/PSL sst.day.1981-2010.ltm.nc
272,9,29,28.99684355889653,24.906940497735622,-4.089903061160907,1981-2010,cached NOAA/PSL sst.day.1981-2010.ltm.nc
273,9,30,29.00156346850624,24.909676830055304,-4.091886638450937,1981-2010,cached NOAA/PSL sst.day.1981-2010.ltm.nc
274,10,1,29.006186473497923,24.912809455397678,-4.093377018100245,1981-2010,cached NOAA/PSL sst.day.1981-2010.ltm.nc
275,10,2,29.01103955615676,24.91582323328736,-4.095216322869401,1981-2010,cached NOAA/PSL sst.day.1981-2010.ltm.nc
276,10,3,29.015541199037997,24.918810664228968,-4.09673053480903,1981-2010,cached NOAA/PSL sst.day.1981-2010.ltm.nc
277,10,4,29.020225138580162,24.921718798494002,-4.0985063400861605,1981-2010,cached NOAA/PSL sst.day.1981-2010.ltm.nc
278,10,5,29.02499314785802,24.924732599982086,-4.1002605478759335,1981-2010,cached NOAA/PSL sst.day.1981-2010.ltm.nc
279,10,6,29.0297494505063,24.927825657021764,-4.101923793484538,1981-2010,cached NOAA/PSL sst.day.1981-2010.ltm.nc
280,10,7,29.034469385939758,24.930892299151463,-4.103577086788295,1981-2010,cached NOAA/PSL sst.day.1981-2010.ltm.nc
281,10,8,29.0390074033227,24.9339457344611,-4.105061668861598,1981-2010,cached NOAA/PSL sst.day.1981-2010.ltm.nc
282,10,9,29.043775800073092,24.9369728244337,-4.106802975639393,1981-2010,cached NOAA/PSL sst.day.1981-2010.ltm.nc
283,10,10,29.0485319905852,24.93994689650869,-4.10858509407651,1981-2010,cached NOAA/PSL sst.day.1981-2010.ltm.nc
284,10,11,29.053094329520924,24.942907881987836,-4.1101864475330885,1981-2010,cached NOAA/PSL sst.day.1981-2010.ltm.nc
285,10,12,29.057862943535394,24.946172653352285,-4.111690290183109,1981-2010,cached NOAA/PSL sst.day.1981-2010.ltm.nc
286,10,13,29.062570635909807,24.949133653445397,-4.11343698246441,1981-2010,cached NOAA/PSL sst.day.1981-2010.ltm.nc
287,10,14,29.06749631728725,24.95173798672993,-4.11575833055732,1981-2010,cached NOAA/PSL sst.day.1981-2010.ltm.nc
288,10,15,29.071937661758792,24.95513483409729,-4.116802827661502,1981-2010,cached NOAA/PSL sst.day.1981-2010.ltm.nc
289,10,16,29.076827060343316,24.95806946520081,-4.118757595142505,1981-2010,cached NOAA/PSL sst.day.1981-2010.ltm.nc
290,10,17,29.079659150524126,24.960685310473252,-4.118973840050874,1981-2010,cached NOAA/PSL sst.day.1981-2010.ltm.nc
291,10,18,29.082612345009693,24.963076215696862,-4.119536129312831,1981-2010,cached NOAA/PSL sst.day.1981-2010.ltm.nc
292,10,19,29.085468764550033,24.965507200617033,-4.119961563933,1981-2010,cached NOAA/PSL sst.day.1981-2010.ltm.nc
293,10,20,29.088446328059735,24.96776626735289,-4.120680060706846,1981-2010,cached NOAA/PSL sst.day.1981-2010.ltm.nc
294,10,21,29.091460117156128,24.970606576005782,-4.120853541150346,1981-2010,cached NOAA/PSL sst.day.1981-2010.ltm.nc
295,10,22,29.094389091589036,24.972654271024236,-4.1217348205648,1981-2010,cached NOAA/PSL sst.day.1981-2010.ltm.nc
296,10,23,29.09718474354624,24.975468119621578,-4.121716623924662,1981-2010,cached NOAA/PSL sst.day.1981-2010.ltm.nc
297,10,24,29.100162309845828,24.977727490428027,-4.122434819417801,1981-2010,cached NOAA/PSL sst.day.1981-2010.ltm.nc
298,10,25,29.102849071072253,24.980224094563063,-4.12262497650919,1981-2010,cached NOAA/PSL sst.day.1981-2010.ltm.nc
299,10,26,29.106141240884856,24.982760825779582,-4.123380415105274,1981-2010,cached NOAA/PSL sst.day.1981-2010.ltm.nc
300,10,27,29.109046357448644,24.985218089624187,-4.123828267824457,1981-2010,cached NOAA/PSL sst.day.1981-2010.ltm.nc
301,10,28,29.111975142782395,24.987543119953273,-4.124432022829122,1981-2010,cached NOAA/PSL sst.day.1981-2010.ltm.nc
302,10,29,29.11483138235299,24.989921230532175,-4.1249101518208136,1981-2010,cached NOAA/PSL sst.day.1981-2010.ltm.nc
303,10,30,29.11778471120442,24.992708830896856,-4.125075880307563,1981-2010,cached NOAA/PSL sst.day.1981-2010.ltm.nc
304,10,31,29.120774375235687,24.994967724488472,-4.125806650747215,1981-2010,cached NOAA/PSL sst.day.1981-2010.ltm.nc
305,11,1,29.12367906558258,24.997345782152077,-4.126333283430501,1981-2010,cached NOAA/PSL sst.day.1981-2010.ltm.nc
306,11,2,29.126559693610538,24.99973693100558,-4.126822762604959,1981-2010,cached NOAA/PSL sst.day.1981-2010.ltm.nc
307,11,3,29.12965825259089,25.00247164792947,-4.127186604661418,1981-2010,cached NOAA/PSL sst.day.1981-2010.ltm.nc
308,11,4,29.13242992483681,25.004704321046194,-4.127725603790616,1981-2010,cached NOAA/PSL sst.day.1981-2010.ltm.nc
309,11,5,29.135383051553923,25.007227546901053,-4.12815550465287,1981-2010,cached NOAA/PSL sst.day.1981-2010.ltm.nc
310,11,6,29.138530078728326,25.009645206676232,-4.128884872052094,1981-2010,cached NOAA/PSL sst.day.1981-2010.ltm.nc
311,11,7,29.141349953931986,25.012155241241132,-4.129194712690854,1981-2010,cached NOAA/PSL sst.day.1981-2010.ltm.nc
312,11,8,29.14429125688828,25.014612472875605,-4.129678784012675,1981-2010,cached NOAA/PSL sst.day.1981-2010.ltm.nc
313,11,9,29.14740177754689,25.017307785003574,-4.1300939925433156,1981-2010,cached NOAA/PSL sst.day.1981-2010.ltm.nc
314,11,10,29.15011288388123,25.019566523594392,-4.130546360286839,1981-2010,cached NOAA/PSL sst.day.1981-2010.ltm.nc
315,11,11,29.153005373549977,25.02208997949873,-4.130915394051247,1981-2010,cached NOAA/PSL sst.day.1981-2010.ltm.nc
316,11,12,29.155958782549767,25.024652789820998,-4.13130599272877,1981-2010,cached NOAA/PSL sst.day.1981-2010.ltm.nc
317,11,13,29.15883938705876,25.026938598083085,-4.131900788975674,1981-2010,cached NOAA/PSL sst.day.1981-2010.ltm.nc
318,11,14,29.161998159566412,25.02951484028339,-4.132483319283022,1981-2010,cached NOAA/PSL sst.day.1981-2010.ltm.nc
319,11,15,29.164709553267446,25.031984955640944,-4.132724597626503,1981-2010,cached NOAA/PSL sst.day.1981-2010.ltm.nc
320,11,16,29.163825551428378,25.036199372721697,-4.127626178706681,1981-2010,cached NOAA/PSL sst.day.1981-2010.ltm.nc
321,11,17,29.158995694751436,25.042236484815874,-4.116759209935562,1981-2010,cached NOAA/PSL sst.day.1981-2010.ltm.nc
322,11,18,29.154226118878633,25.048115174480117,-4.106110944398516,1981-2010,cached NOAA/PSL sst.day.1981-2010.ltm.nc
323,11,19,29.149323746361812,25.05446910764465,-4.0948546387171625,1981-2010,cached NOAA/PSL sst.day.1981-2010.ltm.nc
324,11,20,29.14433666170218,25.060268329423675,-4.084068332278505,1981-2010,cached NOAA/PSL sst.day.1981-2010.ltm.nc
325,11,21,29.139554816407756,25.066265934062358,-4.073288882345398,1981-2010,cached NOAA/PSL sst.day.1981-2010.ltm.nc
326,11,22,29.13484584573691,25.072210725208592,-4.062635120528316,1981-2010,cached NOAA/PSL sst.day.1981-2010.ltm.nc
327,11,23,29.129979498650467,25.078313912007136,-4.051665586643331,1981-2010,cached NOAA/PSL sst.day.1981-2010.ltm.nc
328,11,24,29.125064853102273,25.08435116150603,-4.040713691596242,1981-2010,cached NOAA/PSL sst.day.1981-2010.ltm.nc
329,11,25,29.120271484396646,25.090440851485834,-4.029830632910812,1981-2010,cached NOAA/PSL sst.day.1981-2010.ltm.nc
330,11,26,29.115380916340605,25.096557523579705,-4.0188233927609005,1981-2010,cached NOAA/PSL sst.day.1981-2010.ltm.nc
331,11,27,29.110635562312158,25.102502031817668,-4.00813353049449,1981-2010,cached NOAA/PSL sst.day.1981-2010.ltm.nc
332,11,28,29.10575743064294,25.108512939007195,-3.997244491635744,1981-2010,cached NOAA/PSL sst.day.1981-2010.ltm.nc
333,11,29,29.10097577358219,25.114431370785013,-3.9865444027971755,1981-2010,cached NOAA/PSL sst.day.1981-2010.ltm.nc
334,11,30,29.09608541723205,25.12071930668208,-3.9753661105499702,1981-2010,cached NOAA/PSL sst.day.1981-2010.ltm.nc
335,12,1,29.091376625066058,25.12659814190573,-3.9647784831603268,1981-2010,cached NOAA/PSL sst.day.1981-2010.ltm.nc
336,12,2,29.086498150637546,25.132582352943512,-3.953915797694034,1981-2010,cached NOAA/PSL sst.day.1981-2010.ltm.nc
337,12,3,29.08163191191514,25.13856666255578,-3.943065249359357,1981-2010,cached NOAA/PSL sst.day.1981-2010.ltm.nc
338,12,4,29.076801908445766,25.144735932160856,-3.9320659762849104,1981-2010,cached NOAA/PSL sst.day.1981-2010.ltm.nc
339,12,5,29.072020345050714,25.150746708495646,-3.9212736365550676,1981-2010,cached NOAA/PSL sst.day.1981-2010.ltm.nc
340,12,6,29.06706942134354,25.15663850183066,-3.91043091951288,1981-2010,cached NOAA/PSL sst.day.1981-2010.ltm.nc
341,12,7,29.062287941859026,25.162702117299894,-3.899585824559132,1981-2010,cached NOAA/PSL sst.day.1981-2010.ltm.nc
342,12,8,29.057578816179614,25.168633392504034,-3.8889454236755796,1981-2010,cached NOAA/PSL sst.day.1981-2010.ltm.nc
343,12,9,29.052846100689692,25.174604545064923,-3.8782415556247685,1981-2010,cached NOAA/PSL sst.day.1981-2010.ltm.nc
344,12,10,29.04790704646033,25.18091897277641,-3.8669880736839204,1981-2010,cached NOAA/PSL sst.day.1981-2010.ltm.nc
345,12,11,29.043270928657368,25.186837359136234,-3.8564335695211334,1981-2010,cached NOAA/PSL sst.day.1981-2010.ltm.nc
346,12,12,29.03830778863784,25.192848176194886,-3.845459612442955,1981-2010,cached NOAA/PSL sst.day.1981-2010.ltm.nc
347,12,13,29.03323551790944,25.19884551710595,-3.834390000803488,1981-2010,cached NOAA/PSL sst.day.1981-2010.ltm.nc
348,12,14,29.028599213794998,25.204922540718595,-3.8236766730764025,1981-2010,cached NOAA/PSL sst.day.1981-2010.ltm.nc
349,12,15,29.023732994048835,25.210985979498602,-3.812747014550233,1981-2010,cached NOAA/PSL sst.day.1981-2010.ltm.nc
350,12,16,29.01910895888031,25.21720782965606,-3.801901129224248,1981-2010,cached NOAA/PSL sst.day.1981-2010.ltm.nc
351,12,17,29.01111941711871,25.233406466552005,-3.7777129505667055,1981-2010,cached NOAA/PSL sst.day.1981-2010.ltm.nc
352,12,18,29.003578102986403,25.24982963480465,-3.753748468181751,1981-2010,cached NOAA/PSL sst.day.1981-2010.ltm.nc
353,12,19,28.99589114573911,25.266239608219013,-3.7296515375200983,1981-2010,cached NOAA/PSL sst.day.1981-2010.ltm.nc
354,12,20,28.98824061290246,25.282583195383484,-3.7056574175189745,1981-2010,cached NOAA/PSL sst.day.1981-2010.ltm.nc
355,12,21,28.980275361300357,25.299191405237107,-3.681083956063251,1981-2010,cached NOAA/PSL sst.day.1981-2010.ltm.nc
356,12,22,28.972673558724033,25.315244547335354,-3.657429011388679,1981-2010,cached NOAA/PSL sst.day.1981-2010.ltm.nc
357,12,23,28.965047234441176,25.33170714393719,-3.633340090503985,1981-2010,cached NOAA/PSL sst.day.1981-2010.ltm.nc
358,12,24,28.957433231168178,25.348050939878096,-3.609382291290082,1981-2010,cached NOAA/PSL sst.day.1981-2010.ltm.nc
359,12,25,28.94964933292641,25.364632534622075,-3.585016798304334,1981-2010,cached NOAA/PSL sst.day.1981-2010.ltm.nc
360,12,26,28.941962616994683,25.380963277161868,-3.560999339832815,1981-2010,cached NOAA/PSL sst.day.1981-2010.ltm.nc
361,12,27,28.93439688585694,25.397544665008407,-3.536852220848534,1981-2010,cached NOAA/PSL sst.day.1981-2010.ltm.nc
362,12,28,28.926649420769202,25.41398098328706,-3.512668437482141,1981-2010,cached NOAA/PSL sst.day.1981-2010.ltm.nc
363,12,29,28.91895074586867,25.430364602880026,-3.4885861429886447,1981-2010,cached NOAA/PSL sst.day.1981-2010.ltm.nc
364,12,30,28.911372851446018,25.446681696090398,-3.46469115535562,1981-2010,cached NOAA/PSL sst.day.1981-2010.ltm.nc
365,12,31,28.9035407286127,25.46305214752101,-3.4404885810916888,1981-2010,cached NOAA/PSL sst.day.1981-2010.ltm.nc
